id,price,moonRank,score,storeURL
3 ,65,1551,5451,https://alpha.art/t/2EyhLzFQJ51tWsN2GmL38QXAUvBtR6GWASTdPE2nqu4M
4 ,86,2064,8664,https://magiceden.io/item-details/HoMAZU3hE3RhbVSm7wZxYA1YdnKaCS2GEC7SCiDs4xhR
7 ,100,413,8413,https://magiceden.io/item-details/3hitFWvTPrH4BUPv3zYbBR2uSMbzzUwafEHMzUdxD82L
12 ,60,627,4027,https://alpha.art/t/op7JuvyTwmzQ94h2LuWJod8XEjqf9cVdK1VgDnjTAmy
13 ,469,67,44967,https://magiceden.io/item-details/2sSsHDR4hMbwDn5sGHQcy3G2ZghwFXeMDNjw3mChKki8
17 ,500,1594,49594,https://magiceden.io/item-details/5grD89qFFyHXLvG2YLo3Xq6r8Hc82zhANNAvJbExaW2U
21 ,49,2191,5091,https://magiceden.io/item-details/GjhiujvfWhRrm4C8bLUns4vCXZovLGan5SkG5kAkTMPm
23 ,250,471,22871,https://alpha.art/t/3SvDxF1ra8YhQWLxEKTquQC4H8MAcvxDxZNBsx4P9YTP
25 ,40,1502,3502,https://magiceden.io/item-details/CDTzTsgPd5X4aRLrdk9MVoCdMDSXUw2yifi6YkwxoaGM
27 ,30,1797,2797,https://magiceden.io/item-details/FsmUwx8NsVqdU5gEDWAgkS4J41QKqaxgFSfjTsBQP2z3
32 ,228,2174,22374,https://alpha.art/t/29JsKCPKQ4wCL3TDZcLeXR7gUain53hh3sizaA4xCHAV
41 ,60,1090,5090,https://magiceden.io/item-details/36MswLREPs5YyCHhmyuuUvsG5NW5u7eh4nJvYMtjLY2r
43 ,36,2205,3205,https://alpha.art/t/Fypcq9nQW6hNEqRhJ5ot5eNXdnik9BTrJM9UeStiTVBq
51 ,24.99,2103,2602,https://magiceden.io/item-details/BjihGKoPp48xn275auMDbumw8TsoS6Xz64S6KHTwkcwN
58 ,50,1718,4718,https://magiceden.io/item-details/FbaNJ3nrUDHntCBf1oDP9oJHhgr5R1CHcstEerTpdFFQ
63 ,34.69,1199,2668,https://magiceden.io/item-details/De42ZwHApDzDUMoWZrN1FLKcpuFUeSdXE3eTkYg92cjL
64 ,345,19,32519,https://magiceden.io/item-details/CzhC6MhqmMJGEz2SFh2AxpKFkshovtkB5yPuchhZRznK
66 ,666,466,65066,https://magiceden.io/item-details/76cxTRpZSCYH3ybSpb6AjTWV5XSzZTb3JaFL7faxjJZp
67 ,65,405,4905,https://magiceden.io/item-details/EarkpL5bUJgGdVUjL5bkH4EEcA1ZVrwNJUnJMKpGcMBx
68 ,29.99,954,1953,https://magiceden.io/item-details/4gCD7H18MNq3pJhK5tdTCbyyz3hqyGr1J4GB4eD7xDEf
69 ,69,636,5536,https://magiceden.io/item-details/FoDGuTi4R3aQPoakVMU19Ba7hBu2mDnKQmCa6M2AVi8Y
71 ,88.8,1769,8649,https://magiceden.io/item-details/BiLHi8Sc9MTC26pvQrVHybHJJwqnA2scdGXNSJLEZHet
75 ,44,838,3238,https://magiceden.io/item-details/7g1pqMEnMZVys6iznykPJHxPqMy5N9LMXAYDqhsEz8Lh
80 ,49.999,803,3802.9,https://magiceden.io/item-details/DES2qfNwtJHTT5M8eKS6o5ig8t1UWgx6Apt2JYhgg7Dz
85 ,28.75,2156,3031,https://magiceden.io/item-details/Pi7FV7bjUix1kde7hZsNgMa2Gt4omyQ9rhofXAd1i5Y
87 ,87,1654,8354,https://magiceden.io/item-details/8q1XbAmjww4ioAcSyFZxKWzfVNbqEitKY22rRVcQa2LX
91 ,100,425,8425,https://magiceden.io/item-details/4wRmpzJmpN9bsLbyNSaratbN9tjvNrX1xaK3x3PdEY1j
92 ,45,1021,3521,https://magiceden.io/item-details/ArWvcQ5gQ9Pniyx1V53RzAXk6C392P4Zymd1ENneLUK3
96 ,129,850,11750,https://magiceden.io/item-details/9rPka3H7GqJx9knnHGtZ11FDBegsxRd1zub9VV2Siijw
97 ,100,964,8964,https://magiceden.io/item-details/BNLrvku4NGKfSaxbEtPjicmZXz7KoyhvcasSxqUiTibH
103 ,230,411,21411,https://magiceden.io/item-details/5ZEnUtGysJFaAt3kH3LXNW8asYDB4KoacsiUv5dEWsrH
104 ,22,2028,2228,https://magiceden.io/item-details/7KenLTt4aeaAZjhQMPhKzHHixVKYmnYdsfCPLMErYgoj
105 ,35,1806,3306,https://magiceden.io/item-details/GRnaUJoA9vvxEeXme6LZFGsNrt4tjWR7VkAZqXUtAVJ6
108 ,42.069,1419,3625.9,https://magiceden.io/item-details/4YJ7sPSwgPSgvkwp645Cuv8vd4QFDkLZRDAQgnVpe9ZN
109 ,55.33,2210,5143,https://alpha.art/t/BGwFfV2usGEM9QzjJqXNmE2PUD58vpoyvmUUDkUKy8Qr
112 ,55,1230,4730,https://magiceden.io/item-details/8V67wwtmmSFdNHhGXj8QNGnC5tdPYvGSnMUAvAZem9Qn
115 ,45,416,2916,https://magiceden.io/item-details/DQCZcTxdB2iiKAfRgwNw3E24biRTtuB3A6CdwDHsrWcb
122 ,200,1997,19997,https://magiceden.io/item-details/5ZQgTJm3YfJDzvTyaddS2e1e2gHfpwNhD1Lky38yQmxC
125 ,45,1706,4206,https://magiceden.io/item-details/HmTLtj6Rp4XQuwLukZSNxRij9ArobgsUjKwMfWYCtmjz
128 ,350,42,33042,https://magiceden.io/item-details/2iBBg7yjeM44PHHzpgC4wvoTwyeKt7o31T3zFqt88Xyt
130 ,25.9,564,1154,https://magiceden.io/item-details/Fb1fNUz8F1N4PeEaUZT8Me5auA1q98GwCps5UZWMFWMJ
132 ,30,856,1256,https://alpha.art/t/6zvZwu9ygWVCCDUnYkDTycTvL2epNetdoPuJxdLLnhxR
135 ,69,455,5355,https://magiceden.io/item-details/Hu5XRoihatZYsvNGdbQXvY8BKTUdsonbzSSWPbjKLHQX
137 ,75,2152,7652,https://magiceden.io/item-details/2h1kaK214F6aHHz6M3WmHPyodN4v6NZZPyB3mkVHoZun
138 ,99,657,8557,https://magiceden.io/item-details/94uxA8CAinGz78XsvxpFNzhAycapjbcKfuSsGfpeSrxG
145 ,20,2185,2185,https://magiceden.io/item-details/7FVxeqAAiZDenrC77373uwjF4xCZ5aiqn1SG1wsbxiJE
147 ,26,1317,1317,https://alpha.art/t/8QcUAXvNp9cZ5SZYh2jfNVsfzMAgZ1yiKbibvMUvV7Vb
152 ,268,289,25089,https://magiceden.io/item-details/GcZFkAWwVpNx3xcjn39vKiUBcEXfSQpma7BjDGurhNJp
154 ,88,2024,8824,https://magiceden.io/item-details/2je14iLsNGKG92i8iSX1kTQHHNUBQoQyEEbWdnefY9Gd
155 ,33.88,1753,2541,https://alpha.art/t/B4ZycUb4TrCg6ZhzWcPiMaYi4rrcPXVfaYSQnboBFqor
156 ,35,1728,3228,https://magiceden.io/item-details/5zRSR5ZBspHTqXmsLkE2NLtEks2DTHccv4eHAEnMxukQ
162 ,88,1844,8644,https://magiceden.io/item-details/5hVFtW2qqvmz3CfKSpxqEy8YMXnznmBkC3GuhTgkq1rU
165 ,165,563,15063,https://magiceden.io/item-details/AxEF7pHGVpxGoPwdf3uitm1QX4tmLGEr4YgZd6ZcN1T8
177 ,50,1343,4343,https://magiceden.io/item-details/DEBURe9qKjBXMCojCeEDZmGo7VBJFxpAxTRCVGSe2MGp
179 ,75,703,6203,https://magiceden.io/item-details/FjWGXhhX3csgeaLmJwCM8VvWMmcH24TT5Sv2yZJsfr2
184 ,25,1596,2096,https://magiceden.io/item-details/G91uXrfP5M9e4euBKuZvvpYC1pUvK5JGTEFuHEA2eWUy
197 ,66.6,245,4904.999999999999,https://magiceden.io/item-details/FJVH9nd3WoCBSpC4xj3t68UrWd7SfoU6tcw4bDuFbU6k
203 ,191,329,17429,https://magiceden.io/item-details/7WNJu3p2NHkr7UCr4bbr5pu1KektX2N43c4YQdPgx5F9
211 ,75,1542,7042,https://magiceden.io/item-details/ex3Z1WgdcGxUnNeWAzoCa95FtgEQwtuszRQoxbZYQpH
212 ,35,1345,2845,https://magiceden.io/item-details/FDanbzcqCkDHcUWbFNYgZdFBqwJAB5UXwB3iM3zNuUWv
225 ,50,359,3359,https://magiceden.io/item-details/ARD7EbJuSZtLS1WyN244Q9Bx6BVjQ8irESUUPbZSnnu4
233 ,55,1722,5222,https://magiceden.io/item-details/8deBksioJA5BNUJXiNCWkCsqgcVb2h9iiu84erNBGg1t
234 ,65,1267,5767,https://magiceden.io/item-details/FzLQjJMN2PoLrRHHLf9U6UpJmBpkv4owxi42kAZCsFrV
235 ,1000,1348,99348,https://magiceden.io/item-details/BFCQKzjw8aNX7tE9E1M5P713dSUCpeTRP4ktJ3fEqQDR
244 ,244,1337,23737,https://magiceden.io/item-details/4BaEP1Zg8FMWddeiSguLbkXHvsG7NRzDfSTzzJaSk9F3
246 ,1000,1801,99801,https://magiceden.io/item-details/J7ZjY2KmGtKuu6FjbW8C8xQkDxquD6BSBdkB5J8tJ1Eu
256 ,38.88,1266,3154,https://magiceden.io/item-details/UjtdDahgT87G2QuzusJQYNrwnXPaPXcYF62yPgmHhSh
257 ,50,1834,4834,https://magiceden.io/item-details/8d78sQekk2WGtDdXtm67Wz95KTBewy9cRqnUvQjnumBH
258 ,75,1855,7355,https://magiceden.io/item-details/7Z8o9hCMp4YLqWKnN4FkPp12mbWzkCG1zHfHJvAwJ1qR
259 ,333,1880,33180,https://magiceden.io/item-details/81pFKxUmPPG9AxwbiPRc6yfGScMP1gNz1VeW8gN7qLkK
261 ,150,366,13366,https://magiceden.io/item-details/3BF3eEbUfdGR4rSGbGo4PYqaKA8YcLauTMeuKDhnCYwj
266 ,75,1674,7174,https://magiceden.io/item-details/EtQtnCC9Qwh6hXJG1NeS5uVY8Cff5Fe14cHFFsWGfDos
267 ,3000,1297,299297,https://magiceden.io/item-details/7MUS22sb6FLnuM6LUArkY6a885a2i8WQryqbHBCfdbcq
268 ,28,1574,2374,https://magiceden.io/item-details/5Wy2sBkiDycZL1iyTPTza6S4QeD3dpZHgvCRtLQ96w4A
270 ,80,2157,8157,https://magiceden.io/item-details/CqSRam8ib6nN1MYoGiFXrBsym8XHkXwbWELWAUG2mJeG
281 ,60,1328,4728,https://alpha.art/t/sk9iXcALCdNWmmd1hB1WTfhxwJLj8gHh4as2rh7TW41
283 ,31,1886,2986,https://magiceden.io/item-details/84SkvTh3m9jpvfx98JKS2tLvmzN9V3g2TkHRMK5wPo5H
290 ,205,817,19317,https://magiceden.io/item-details/JE5ysfbGvX8uKt7nWf6Ea3UsdqCX4szNuqsxMqXUguQ6
291 ,39,1119,3019,https://magiceden.io/item-details/7EUbV1ZBrLFuG2cCEyTuM8va377QY6FRUDJg7yPFj3vL
292 ,50,2013,4413,https://alpha.art/t/Ai6GW5BgRbZm4Bthk93TUjyYAJ8wue3UyHxYauq2VKoQ
293 ,500,820,48820,https://magiceden.io/item-details/6NFym3AX6GiAMtWjEJUd2r58xnDtePuQADHResZ9e3YW
297 ,75,704,6204,https://magiceden.io/item-details/CbRMyLPE3gYsfzWQ6J4CCxSq9pd9zUZcZjzvuoRGTwFd
298 ,68,1882,6682,https://magiceden.io/item-details/BHeeLXbD7PMGzYsGuMUjUi8rdvbgAd22UUJfFPS1rRei
300 ,50,1336,4336,https://magiceden.io/item-details/5Q7YBs2kx6C2KUfycRx8fCYSdRYP3sVkRTS75W89GpsD
304 ,5000,831,498831,https://magiceden.io/item-details/AVUvZJ5ygWraDjw3qdm6qaSLudKnh1LCky5x6bZAe1p3
308 ,30,1935,2935,https://magiceden.io/item-details/2ZCcYtynnsB8A2ajmS9Zv1nAsWWWFNsGizAQKviFB4Xa
313 ,31,1658,2158,https://alpha.art/t/D7ftBVwB7G6xENUfnHbTSsivLacG3mLmPPYj1oWbpNm3
315 ,200,666,18666,https://magiceden.io/item-details/HHcR1NuRtz4VJKVagRWDEkwNofBGAvukPn5rNWWDBMmg
316 ,60,1891,5891,https://magiceden.io/item-details/4GHRHkry8X5rB7F7BjV1z4SDEyCNPyXsRb6om6CWATKa
318 ,100,2195,10195,https://magiceden.io/item-details/HDSQnLKt4uLaFPewPeAZoQvPBXEV8MGXz4WAukAYJg8d
319 ,59,1992,5892,https://magiceden.io/item-details/3Hs7oasPAJSS6YcnwemixYfcjQJ7d6xzgaFvedhp9TQE
320 ,250,195,23195,https://magiceden.io/item-details/CDzARHcmy84Ec1T5CPtABxsjgHYi974bk6mQ19krhtPD
321 ,113,480,9780,https://magiceden.io/item-details/8kV2r5MWHbYDMUs3hR7RvFY7FX4Pzko5WpCvLnpqDLop
326 ,40,2213,4213,https://magiceden.io/item-details/4ESzUopGVX3fvY4GUYvUFacHetYrrb4YLjL6NrFLC4gN
332 ,28.8675309,1988,2874.7530899999997,https://magiceden.io/item-details/577ppcNBhQw8FkcGuKB8KQ3GomDSQLbFJn4oFjrruJuR
333 ,75,443,5943,https://magiceden.io/item-details/3eVVjJC4pPF36Z6TEfTZ6jLxoFu5UisdhMWRGQK1ANMo
334 ,64.88,1529,6017,https://magiceden.io/item-details/7GRUT83VFxyuRpr3De8vbLSaLNsV7cM6vNGBxeerX4V6
337 ,25,1462,1962,https://magiceden.io/item-details/7ybD9BBATm1bQqGknxCjZDef9Gz26sAbdn4ycjLTuLQ2
343 ,35,1417,2917,https://magiceden.io/item-details/AinWwVjmyBLJpghAPmLtKKsu5YFk7Z9xtHoYSDdEVyQn
344 ,420,2180,42180,https://magiceden.io/item-details/BrMmrpn1rufbfrE23fSbZeF1kUPNPmPE6XcsvkdWqKSp
351 ,100,2158,10158,https://magiceden.io/item-details/8ffY4JnrVJJeTH7rdC7fMq8aK5qnqynQjonsFiFafDT
357 ,50,1994,4994,https://magiceden.io/item-details/DAW3rkLAq26ALK2dXYxELezpjok9B1HM6rQUiLxMsb52
366 ,63,1547,5847,https://magiceden.io/item-details/C2LJ5Tr2nWAEf9viTJUbGWwoT5DHbJeAh1DzPmavZiZj
367 ,69,430,5330,https://magiceden.io/item-details/CFHMzheCQGZwzwtZpQ6gb3wDRYPQ2asyeAh6yJywp1Wi
375 ,222,1930,22130,https://magiceden.io/item-details/76iQTQJS9Crvr1xF2whkBeDT7uxK4ivSjYdf3eeQ5gd
376 ,29.99,2080,3079,https://magiceden.io/item-details/FkCFRpJo5jSNjdKX6hz8mZUM9uqhPXGR1AEYU3fECFsN
377 ,38,1512,3312,https://magiceden.io/item-details/Bbf3P92bza5MD8y5oQxAaZwF6emJo3BZbKG3drHuRyXy
378 ,90,102,7102,https://magiceden.io/item-details/3tNiSbeWyXvK2MQ7wAxzwcfMJU6Lw7zAXS19tVEnv4bJ
380 ,49,1264,4164,https://magiceden.io/item-details/9vN4dZV9PNTQtagUtovkKNmZCBY5S2xJkpRveUAZMzzN
381 ,188.88,224,17112,https://magiceden.io/item-details/FrP9FiX7pJxf4uAFMsyjdcVeAQbfAWmaJ5VkWjNrYLvz
382 ,31,1253,1753,https://alpha.art/t/6umRejHpnBQciHU5yspuUDmzx861RBGRAdx4xQWTbPEZ
383 ,222,2107,22307,https://magiceden.io/item-details/7KuryhcVCvZFuvatQVyAFCEEaC7KC457aU4LfmPrNrKi
385 ,77,237,5937,https://magiceden.io/item-details/2DCndrnWbyJFxQWCGjmQmWrt4w5AuU6ymn3WTpvvzTNH
398 ,150,825,13825,https://magiceden.io/item-details/EXEnit3PkvZcSveRZoN5Gzz6RAXgA7Lp6uuVJN8Bf2du
400 ,27,2038,2738,https://magiceden.io/item-details/BR2hBfZnNVn18aocfBJwGC3rSEKbkFuAHyx5EZyRGcda
402 ,69,1332,6232,https://magiceden.io/item-details/AkBYDQ4AHgAuK9owLwjPHRsFkdEzy9kcQVA22ovybWU8
404 ,200,1790,19790,https://magiceden.io/item-details/8o1KkPFcYAoxNQK3pQPEeYbJEcHJZgfhgxfm52RASEku
405 ,60,2164,5564,https://alpha.art/t/GHVoFHxnjnPGcnZUBrFD8H41fjgJJm3EyCQaiRdA5cTs
406 ,111,241,9341,https://magiceden.io/item-details/GRiv24KXB3fvk1bBcZfPwJWSmcZbcugpQdGe8a1TVuhH
407 ,28,1954,2754,https://magiceden.io/item-details/FLhNQLfqbtg58jrBmgUY4GFcAG3p776UWaEEG7qK88hP
408 ,100,736,8736,https://magiceden.io/item-details/2P55PVqoN1oZK7ecdm4TwhrJFgEuNx2y1NNB99hZWk5i
410 ,990,486,97486,https://magiceden.io/item-details/7rAs1x2QANyLymnC4cqruvPv2jDTpErSQrQu6u4zdKuy
415 ,200,1607,19607,https://magiceden.io/item-details/EgRhYHxVQDik47MXK6kCWrzLcM7eWXmWPjrZhWwGbcFK
416 ,69,1093,5993,https://magiceden.io/item-details/6R2aWAKu8X7a1qHDKFU9UWJiYMvvVHrzPiuEVvLinKW3
426 ,88,1080,7880,https://magiceden.io/item-details/CrxzgSCWmjR6YUDrhFsXfKevcpEHL3FcBxbXAZSS5o5V
430 ,88,488,7288,https://magiceden.io/item-details/93FTW5DEnioyzsaCEJQTCsKGNrHygPxxoCo4fnshu6Q7
435 ,45,837,3337,https://magiceden.io/item-details/2ush5jARe6wLddC8oBdvKMg4Lta6Mydcsf5PT5VrUx1c
443 ,45,2144,4044,https://alpha.art/t/7VjFfnRw8c3tAYh3wRc7BAME4zFiqbjo6QoYFC7f37Ka
445 ,39.99999,1293,3292.999,https://magiceden.io/item-details/QoSV9SV9E6wScedYR3he4B2hZLA56vU7ZzNV8SqrmqW
446 ,446,870,43470,https://magiceden.io/item-details/8cQNY8KTo54guRu3TcbrQsN86WbsR1hhdREqTxU4YzwV
448 ,99.9,1315,9305,https://magiceden.io/item-details/6cJeLGVYPjdKGBQxNep4Xi9dnVLcaH8kXUPtrTVScaHa
450 ,60,1708,5108,https://alpha.art/t/HU1gGfPZTdeZVTA8DKy4HsGHwHitTxRG4MbmwrNogTa8
452 ,60,1377,4777,https://alpha.art/t/CJgui1xeQhtpXkGgpzHaFGPXSk1fEwhdmBUEmLQwXEUT
455 ,27,1681,1781,https://alpha.art/t/8KMbMCVVganDyT4kYgRZQS9xrPhJcAszR6FWW6YT1tyY
459 ,44,1686,4086,https://magiceden.io/item-details/CEkLm6CF7g77vGeAQAQ6a72ZdegD1L5DhEQtVdt7UDfE
471 ,30,1272,2272,https://magiceden.io/item-details/BdmjiFuGWfW87z6GYreDMuBRKwa3gwx6DBtrNqJ7X3JJ
472 ,29,1986,2886,https://magiceden.io/item-details/EPKVHoLQYdexZZs9cp1z2SuQdShfKgR6Q3ynx1hXpiHm
476 ,169.888,2161,17149.800000000003,https://magiceden.io/item-details/9HFTB14dutYmNPrG37uc15jyZ6hnesqoBZQE1m2PQYai
478 ,190,1443,17843,https://alpha.art/t/8URaiFhYoQ91uwTfDSJ1MX8zjrQFe8z1XUa9QUeku9fn
483 ,35,1870,3370,https://magiceden.io/item-details/4wSxWroHNT36j3JuvhBmoMqsn5UThhPeoUyVougQjWTy
484 ,90,495,6895,https://alpha.art/t/9shNzHJqaRxkj6YC4ChYmXMBuzc8dfGimcPsdLyzxJxk
492 ,100,1416,9416,https://magiceden.io/item-details/Bf3jw3Do2uBfPGz3mdTtLdfKDoMMUwr7q9N3tWdSgvpD
510 ,33,1576,2276,https://alpha.art/t/4BFdpAbhh1Hsi3k5NPSMDcVpKNtcVzqp2HGn2THEA5kc
512 ,200,1697,19697,https://magiceden.io/item-details/HBmbH67dwaJVomNtaWCyofv6YP8vkZSEcthzj45uG9kQ
515 ,36.66,1412,2477.9999999999995,https://alpha.art/t/2hGWUnc8B1NVbKCrHRQhk9BujvcdJeeRfkdF3XQL58HS
517 ,49.999999,1944,4943.999900000001,https://magiceden.io/item-details/3Mef6gUoLVRi2HE2CZRjQ6gadzsSUezjZjFGB4gBM4oi
520 ,44,1568,3968,https://magiceden.io/item-details/9HP2amTczx5MSZNCNtT27YQLfJVjrMhVSEdF4DvgAFEq
521 ,77.7,1238,7008,https://magiceden.io/item-details/3YK8jP4o61JUsoqTft1LRb2zDUnYisrmsVnGWxB1ASm1
524 ,999,45,97945,https://magiceden.io/item-details/xMpSbmAxnWyd35qmeJQ2ns1PQ5XyDC5on53q2U828C9
539 ,55,1434,4934,https://magiceden.io/item-details/nzcxc5vYbiwiEnrTwc6VnVwouF4HEuTYGeyP3w8vNGY
542 ,150,337,13337,https://magiceden.io/item-details/4K5FQvfJaKz1QGpuydyT18iS2Zv2zY5idMGsjZFCf2KJ
549 ,100,1757,9157,https://alpha.art/t/7svaEEJ6egQEGnGy9CYL79a6rCxUmcmdfNs2hZ7FTbXq
551 ,55,1569,5069,https://magiceden.io/item-details/64eCNry4GuH4vKJ75VMKrrj1G7NnAJapzDmkn3gKoE4Y
562 ,199.9999,1323,19322.989999999998,https://magiceden.io/item-details/4aTh8NFtUyEToxuJ2epfZ6u8cy7jUBhBR3Zt79jV4Rbu
564 ,46,1421,4021,https://magiceden.io/item-details/E1KT1jw9JyEmUJgAaixErFEzj94KzK8nWNUYWfMAUW9h
577 ,20,2200,2200,https://magiceden.io/item-details/DDCVfZ1sXmYXYg8okbayhiuGKttbiPG7C68tgHzLrt7
581 ,149,906,13806,https://magiceden.io/item-details/9Li7H3Mti66qvgXzW6H7Xy1eXVQFwMs3Gj7HjTKpGkQ8
588 ,49.69,1029,3998,https://magiceden.io/item-details/3peQjxsiN7eNArfLQ8XcWAHvVZBGrdusXtHJ6xwQD8FZ
590 ,200,1751,19751,https://magiceden.io/item-details/G7YyfYkhyttHYWLvTZ4VoZTuqgk5TtVw8T56MsdssCni
594 ,63,407,4707,https://magiceden.io/item-details/3BUk3aSiPRDpjUuWeUmuAhhpzhvNGDFBMkZ8H17iweXw
598 ,36,1383,2383,https://alpha.art/t/3Bo3BJ3ruQ1gwbZR11t3MXov36WCGZZpnEQWDWMhSgy3
600 ,150,524,13524,https://magiceden.io/item-details/BzupX5FFC9oRRHNNyr54a71gMvaXnty6VWhfs9pmagFX
607 ,120,1201,11201,https://magiceden.io/item-details/FRHJ5nzcsNrghMFQgq5ZuJpWv9cTxmJpHKqLC8ydmBq7
612 ,66,2054,6654,https://magiceden.io/item-details/B1cpgk33hu7bh6rmoBS9xdTGNgz19c5npEBvvZmGkLgs
616 ,999.99,770,98769,https://magiceden.io/item-details/CSrdxmPcFqmeNfs5U2E6PMUZSkiH14e6EgdxobQoSUH
624 ,50,1779,4779,https://magiceden.io/item-details/6jftxRVgqvDFL2nxZiqGpgdEAii7K5KrK4e5bCGoXGGr
628 ,777,1578,77278,https://magiceden.io/item-details/79RBAEqneBt4qP2g1p2fGA4GEDXksP8ompteeCvYcNQf
642 ,45,1217,3717,https://magiceden.io/item-details/4a5BWyxjZWacFqaeKosp7xKLQJetKPo821KNPygGT6Zu
649 ,30,1599,2599,https://magiceden.io/item-details/FNQw61WvKKuaLbNXCteXfsppvLdty4PiftKRjr7iJtd9
652 ,88.81314,1788,8669.314,https://magiceden.io/item-details/FKL9D2emT5YxU2cfGQ4wLtnMefk3CRhdyJSa5MgYMP4h
655 ,655,1535,65035,https://magiceden.io/item-details/H7NpsEWJAah9gBu9ictnjUZDDRMML1S4L1eopAoXqKED
657 ,119.99,1109,11108,https://magiceden.io/item-details/Bgf7eNKtksNhnrUQEeSjrBxyh2yrXZUDdQL7dG2tmT5m
658 ,169,342,15242,https://magiceden.io/item-details/E8WZnx7CYqHLcbFPq7ajPxq379hPPTDKqPvfBCGKPTe2
664 ,60,789,4789,https://magiceden.io/item-details/Cf9zkJTDRPSo7BxHCdUwJ5qaNWhNNLGkabLfGMDiWdZ6
666 ,24,1922,2322,https://magiceden.io/item-details/FmtGwtoAtxb3BGrdtR1TKocKCNhiLsdprbm2vAJfqx2K
676 ,49,1580,3880,https://alpha.art/t/8eTTFbdcbqZX9RHxzgWkPqC2tNVgb6fY2kyvYwdDmzQx
678 ,500,716,48716,https://magiceden.io/item-details/ELkmB6dDmmCNbsBdNsoShZqzrSg9iAU3LZTRxFmZfTGi
683 ,1000,161,98161,https://magiceden.io/item-details/6xrLwFJLW9WG3hXe5UBFm8HSmr3kb92iDhyXsvZo7NB3
690 ,1000,965,98365,https://alpha.art/t/AghNFULbAEyR2A9pJFHLrGYEKibJ3nRR71vVLcNKwkK2
693 ,88,648,7448,https://magiceden.io/item-details/2SbFWQhzyZvCsudYtt136EhnaCN5UWnqVkfB4YW4MDap
697 ,258,81,23881,https://magiceden.io/item-details/HMfEtnMa7prPxBVhjWMG81brZTPJMrieGzGYSSX2CBBG
705 ,333,582,31882,https://magiceden.io/item-details/FMYvgKU9iXnxtSFR2wUJud1npRZ3fKpV6DLEhZKa5bfL
713 ,34,913,2313,https://magiceden.io/item-details/F2LZNywsnRzwczh579Fnxw8a1pJApxa7tLQujoga173a
717 ,35,808,1708,https://alpha.art/t/3zxaWUkR3Ecgk4WBCpHvkw11Za9AnqYJtSoGgdaeDRtj
723 ,100,1737,9737,https://magiceden.io/item-details/2feKp1qP5nph7EsBKAReB7wW6aNwwA6VhUr15NjHBqQi
729 ,350,534,33534,https://magiceden.io/item-details/8BMpEq1m5brnmqU3wpWHRUwBk7bstNpZzpUGC95ca2KX
730 ,200,388,17788,https://alpha.art/t/G89QPbErV3gVABZ6zKqcQ2TyYAh6wWaNjxkSBpkkWgti
735 ,222,2096,22296,https://magiceden.io/item-details/CaHtqjWj9f9ySFwS44TVUXWVveRrCNMVpveECNaHv1pZ
736 ,169.69,2125,17094,https://magiceden.io/item-details/69A3qmv5G1nCy6GgtJqgb5dBbpBuCcbjXnX7vDdtzUYa
738 ,40,2149,3549,https://alpha.art/t/5u1wepKK8X3dw7CCKD4Sr4cmaPMvuZp6eRXZc3ovadt8
741 ,28.13308004,1636,2449.308004,https://magiceden.io/item-details/AFG6rsP1KLsGTcodNjLX1d5w7shAbgP1i5a692hRVnzH
746 ,32,767,1967,https://magiceden.io/item-details/G85mbsz7gYHDofBuX1jqhxCsxf2JotnohVx64yTVUJAY
747 ,888,548,87348,https://magiceden.io/item-details/497WLjikZtmMgZbspCNxANWrBCBA54pXoXXqYtQfYrhw
748 ,100,804,8804,https://magiceden.io/item-details/8Up9m48XnZp9MX6sKtunoLHGNJN65HqGCxn3j4eS5sMn
751 ,32,868,2068,https://magiceden.io/item-details/4EGYkKaE95Yfhwry5RVoCzUyXbtjE3qnP3t7i52e5ihj
756 ,169,1446,15746,https://alpha.art/t/8Y2N62VTH2CNTQFBgeDbZ7AqcXod141VuMdro7P46SKn
758 ,75,1415,6915,https://magiceden.io/item-details/CXH36eLRE1udC3mEXrEc9faBVvXgPP9duCT9ifZ1AqEb
767 ,269,267,25167,https://magiceden.io/item-details/Fz4bEy6YW7c6z6b3HNno35z4hYYebycyw4A5cr9nf5pX
769 ,50,1965,4965,https://magiceden.io/item-details/D5UKwcZos51gj2p17mHZunsGChSTQ1FoBiAyyeYuSWiv
777 ,25,2211,2711,https://magiceden.io/item-details/DBxoh3diesLq6gPRi2XbfHgLLbXThLvzYLS43tPJ4r7S
778 ,50,1839,4839,https://magiceden.io/item-details/AdKqqGuJvV2Xtm4minuqsVSmFUGbVreuAtYiqW8JjdUC
780 ,600,1464,59464,https://magiceden.io/item-details/BAeM7b41WLXSD84eoTnjuvmYdd52Qw6sJ6ATKiVZeGyd
782 ,34,1791,3191,https://magiceden.io/item-details/2QY27xNo1uaLbKNePf21oX6CzbS4NJRBh4REp8vUvUn4
788 ,100,1145,9145,https://magiceden.io/item-details/J3CTXBRebXMJ4jshajv4nmDBpbjVVU2xzb2nCQA2d6vQ
789 ,120,89,10089,https://magiceden.io/item-details/Gvmcqz1ZWvV1YWDqNpqA9LPAfFVo8mAbR833wJ9TDfBY
790 ,40,971,2971,https://magiceden.io/item-details/3iD7xvZH36TPRE7xev722mXXqgMsrqwTWYATwQkDN1H1
791 ,100,358,8358,https://magiceden.io/item-details/Cst7ZAaggSgvAjiw4TPrar9SbEXdvqty8VTGsq4GwYvB
794 ,200,182,18182,https://magiceden.io/item-details/GtfLBYg1NnjFXWzBFFDR5s8ym7j5xApy91RNLLXyi9z
795 ,99,1832,9132,https://alpha.art/t/FeTiFXgrjSFWgybX4jC3Q7U8BTVwciX5zCbWhoztUBxm
797 ,100,699,8699,https://magiceden.io/item-details/AJJnNDXAQUpKLKkLyH14PU9bd6Y2E6cwdxfVc1mnMyD1
805 ,110,1725,10725,https://magiceden.io/item-details/5fBq5X3YW5G6v6cgrCY5R4MSPb5S6wG3CqY7cECu2dx5
807 ,23.69,1990,2359,https://magiceden.io/item-details/CQP3EMLkxJZFqhwLUWZH5pTRcC2WaAnL2Rz9WcXivUFA
810 ,39,1660,3560,https://magiceden.io/item-details/5x9urrGcc8wJBRU2BQtux6646KcgwAeZxZGLfkCduvvL
813 ,69.696969,697,5666.6969,https://magiceden.io/item-details/2zBaQKiSgBbXtXbbFqjRuQ1rsjq7Eyg3VPiuaXd61XNJ
822 ,99.99,1739,9738,https://magiceden.io/item-details/2qKShdMmccWpgcYky7HwzDC7XbKDSS6KzRo99X8MgGe8
828 ,88,1184,7384,https://alpha.art/t/64in7J4dr4wv3H3utv9WrcFKFScLiut1ceBVR2fQorhV
836 ,77,226,5926,https://magiceden.io/item-details/9kVvCPWdcjoviDu3UatbHmi1bQo1MrKoMGg8dctbomB9
837 ,2222,1290,221490,https://magiceden.io/item-details/2SLxvW7wPopL284F85ALjtS9zahQQkiTNJ47uCaYxhxC
839 ,150,1183,14183,https://magiceden.io/item-details/DzxeMBdHi5a9Cs69fAXVNfydFEaxEmnJ7FgM4sAiQWbz
840 ,39.99999,1504,3503.999,https://magiceden.io/item-details/DAQYufrM8Tg8XBhzhjCcy8M7Xo7hPnPqbudmcKSkYdM6
841 ,88,1555,8355,https://magiceden.io/item-details/FTt1eSDUrd7V12h6GkuFp5TkE6XsXSWKVjDFr6W1x6aD
843 ,220,1207,21207,https://magiceden.io/item-details/DYXq7ZjvcrBLU6gmUfqUxpXY1b4759Peb5uAGrkHu2b7
852 ,50,439,3439,https://magiceden.io/item-details/8Zy5QUr5UF4uphct9njPoXyR9s2wpjk8ZYGscEQu1bdh
854 ,250,259,23259,https://magiceden.io/item-details/FdFyZJvGta2jANbhkQBavVDK4Yb9EnQmWW1MYRGz1pKR
862 ,69.99,972,5970.999999999999,https://magiceden.io/item-details/2xXsRi79ppRyGmRcig5d2ViQiGrcW57rRwdh5gWLHD6w
867 ,4999,1011,498911,https://magiceden.io/item-details/7ZK17iHvbx4eK862jAY6eMCXtFVTaZWQ4NH7pFSnJ4Rp
883 ,47,1491,4191,https://magiceden.io/item-details/EC82ETv8GD8UscyftAsStSwhkprJaAiPc8s7KoDsyBac
885 ,125,1690,11590,https://alpha.art/t/5rQSNyPiatqrf6DMZXEPJSrgo7STJ3YA8y3hVoQczLYY
888 ,188.8,436,16716,https://alpha.art/t/4DsBZX4ruYoAFCaEupputVj6K1h9SXbqvKmu3y3E3kS9
890 ,121,557,10057,https://alpha.art/t/9xj1d1PtUtqBH79JPVgbxhXzLPM1koKjgL2kHouAB8ka
891 ,6969,649,695549,https://magiceden.io/item-details/FyN3v2EhbA6r5Lev1nrPN3izYU9evsUZZEEQY9KKWVvA
892 ,66,264,4864,https://magiceden.io/item-details/26VJFBB4Yj3HTY2rHFtr7r84wd4KUbJtRaMy14PLemZu
900 ,31.2,1359,2479,https://magiceden.io/item-details/GP5jShP4Lif8VeEx7LBjXqpDhx9Nm49BddBZv9c74x2o
905 ,60,1387,5387,https://magiceden.io/item-details/53D1iaNDApn1mHA1zJZQBtbjegjJnQwrZhxD6X73pPn9
906 ,25,1224,1724,https://magiceden.io/item-details/BbnnKHVRdDKReVXQF7cdd9HgmApBZCv594n5MSD1BNXy
908 ,90,558,7558,https://magiceden.io/item-details/8czPWak6HWyyHsJs3rb2bvQ7Mupoowbd1vQXo1mg9pYE
910 ,95,1852,9352,https://magiceden.io/item-details/GvFT59NDoubXtbWNpPiaqUs1VeMRqZLRn3D3QtGpoiE7
912 ,75,779,6279,https://magiceden.io/item-details/7uKKP4EHAjnwyhLJAntawNMEj1aUw3fADdDj6UKwTipe
914 ,25,1179,1679,https://magiceden.io/item-details/3wUYADcieF3sd5UMoH6LsabyzqEYqLpVmmwZUzAYp2V8
924 ,120,285,10285,https://magiceden.io/item-details/CbTUJaCbMF3sR4TakRFTgrTym9pAT3Ec9cNKYHR9eDRx
925 ,150,1664,14064,https://alpha.art/t/HGTVgHTG6VQ2NcfmrznUUg4aiz6uUgaKPjMSQHsq41WH
927 ,28,1622,1822,https://alpha.art/t/HcYQmEXQqcQQQMbCabKXsVsivjM2T9TbUHRmjRCgrD2R
933 ,2222,107,220307,https://magiceden.io/item-details/J7B8yu71rQZjhicxVWfavdeypFXxoQmo2xwnvRqqJp8i
934 ,34,1842,2642,https://alpha.art/t/2V1oBdyzuyEnWCXwgQSJa3FJNjCVhexL6TsSwzvJtWkJ
938 ,82,731,6931,https://magiceden.io/item-details/AGLUtHoowXR6to3Lu7BGTK8KWyq2t1Q1VCzPiTk1nZwo
941 ,786,593,77193,https://magiceden.io/item-details/2zk2rnUHny7cbqEmL11tariXb4pxVZkVRHGKhcJMGbiS
943 ,88.88,481,7369,https://magiceden.io/item-details/7n5j7Ft4Nv9zEbKeGAemvzuDszKBAVAxRY5CH3SmtPNb
945 ,48.88,773,3661.0000000000005,https://magiceden.io/item-details/LX5LfDWCwrxANTFWLavWMRicMCXUjWy6qYjZBe3E2ys
951 ,69,1346,6246,https://magiceden.io/item-details/7Ri3TEkZYeVwncitMi5twgtJ9zYwVjEtfEk1M3xcBu8c
953 ,69,684,5584,https://magiceden.io/item-details/2Ko69KJ5Atc9m8mJcrakkcGZMC66mmr945GRk1CjkdVK
956 ,200,1052,19052,https://magiceden.io/item-details/qQueHp2ZDrvXSVEvcsj4w9ijRQDqe6JDS4i8GkmwC6t
958 ,463,22,44322,https://magiceden.io/item-details/EqM9N14JGB51wM4FvJ383aEbh2m4rMf1N6MmY8c7nSkW
967 ,60,1321,4721,https://alpha.art/t/9oWJKLf369c5Wk63nQ8kXtFWXPUmotoykBk4mL2rmsPJ
968 ,50,1007,4007,https://magiceden.io/item-details/HiAaAeZXf45vCkRmgke5zZKyYUQdr4sJXUJJq8xNe5uU
969 ,88,284,7084,https://magiceden.io/item-details/8dB21qP2juaWUPLQuyhfndWjKUC3mdMzbbF16iH26efH
971 ,125,757,11257,https://magiceden.io/item-details/7cfzdEq13a7XcUoiBjTEnBgbj27uRSpM91mkr21JEQQF
974 ,69,929,5829,https://magiceden.io/item-details/6c4CahkXVoU4XgZGQvA5NptE9yUinmuZGrFoR6i5sFR4
976 ,50,660,3660,https://magiceden.io/item-details/4GHstV8SHVQCmP8Edewi5ydfxVmrUvj6niRKrYyUPHba
977 ,88,299,7099,https://magiceden.io/item-details/C3gd88c2JezAJaBrzBr5GBESXKDHjZRn3uZWoHGkwjvv
980 ,49.69,1585,4554,https://magiceden.io/item-details/7CmsXmEFU9edYDfqZyc6xUPpnzWqinPw5XcuaueSYeDK
1009 ,42.069,1298,3504.9,https://magiceden.io/item-details/2TRtbEUbGZHVGiGWBBbSDinUcqUPZnb5g3TqWaVnRdTv
1014 ,1001,566,98666,https://magiceden.io/item-details/BNtM1DVLjPPodBySPDRTdeXudCxmNc4UTa2k44ieVjo2
1018 ,66.6,365,5024.999999999999,https://magiceden.io/item-details/3kCDSAiSsQUmR9S7xonwypek8jrrZmaEnKuikp5F8Up9
1020 ,40,1662,3662,https://magiceden.io/item-details/GSKJUSNawE4q7qePfUQoNZ7aSDG8ekQtztd8dexL7wYc
1024 ,100,2126,10126,https://magiceden.io/item-details/FgYx1NjCyT6F2PKf8gTnRSLEhKSoboUiFaw1pht84wVd
1025 ,100,302,8302,https://magiceden.io/item-details/51pVXwW6Zz4qapGcoPXaKSLpR9mB9FVSoqqipTJ61cY3
1029 ,50,465,3465,https://magiceden.io/item-details/7Qpkwm9K5hZWpHefXMuGP3FqbwAcsvDTBcShyT5vmtXz
1032 ,121.212,315,10436.2,https://magiceden.io/item-details/9nSpTTytBBQHCSEU9BXeTkXhaeU1xjm5sKhWEm98JNgi
1033 ,3333,1079,332379,https://magiceden.io/item-details/4c3cgBsg6SfTvhaX1gKtd39LY8MFYz2PvzYfSnoznJsX
1040 ,100,2084,10084,https://magiceden.io/item-details/4MXjdd9VSPJcG2Hgw7xSaefVG1i75jsZJXiyNrFLq2dX
1044 ,53,303,3003,https://alpha.art/t/Gmiqm681jEqLGwn4D6JEWcajz9vYoUY2UJdbHNjBjp6B
1045 ,33,895,2195,https://magiceden.io/item-details/DvDRZUH2b4KNvRzeexaCV7ArCQR9iVPdPpZPBgcWctUu
1047 ,60,497,3897,https://alpha.art/t/GwnjmpSaF1u5rnH434DZpA2U6bTNVU4z35SxouPpkybM
1048 ,38.67,1468,2735,https://alpha.art/t/EQaw4YsfGZofpbMbNEq3fA4WSXqPiVXBYFJTnAood8jL
1051 ,100,1893,9893,https://magiceden.io/item-details/5oqRLJzQMivQG5QzAg4YxduHqfxXPbHXiCiKJ6VfAe9h
1056 ,105,823,9323,https://magiceden.io/item-details/4JF3pWXsSA4Nccqj1e4QamruMDhPr1sHM9exY4UGHiGy
1065 ,66,469,5069,https://magiceden.io/item-details/BDiSWuzqoX4gFBErPe6xPhh4Co9uemJBMp1BywCiqXi7
1066 ,121,136,9636,https://alpha.art/t/8MRjNrTWgNAAszmhaSzT3vCqEZB7i1GPoLi2PqJUhmGp
1070 ,191,34,17134,https://magiceden.io/item-details/3SCRyqvpxcyKxS5jNwKNzML8DWR5FaCmxzsmEec4VBjP
1071 ,6969,623,694923,https://alpha.art/t/CiMGgGvpe3yE3os5bsSmuXAHS3m5jR65FLXpaue24bg6
1078 ,150,1929,14929,https://magiceden.io/item-details/3SkHrjJh6wTtFdtupYGRbEPXUWt4F8CJ6DoSMsgPpMtH
1080 ,420,21,40021,https://magiceden.io/item-details/2YZv97ipjG8GdDLigFPRrjBtAh3toxgqqo7CW2JTGk9u
1082 ,30,1340,2340,https://magiceden.io/item-details/53jAwkUmnVF5wYfjWv6GSFmhoBUaQRVm4Gh9wF6o5Es
1094 ,60,1640,5640,https://magiceden.io/item-details/BEnKqs1oCDy3zHiAMYyW5JX8DsyjU7qPdK9yxQXqGyzg
1096 ,89.69,1313,8282,https://magiceden.io/item-details/DPEoP8gcaXwKRNV2M9aPKGWkte4Yt5jEqTTPh9xGGAfS
1097 ,30,1456,2456,https://magiceden.io/item-details/5DqW79N4nemnzDnTfdK94aF36QRNxTLgqCy13ALYgfTR
1102 ,50,1964,4964,https://magiceden.io/item-details/C3Jk2p2FLMqj3eUWvUKhdXCTWdgHbQvoJmdJZ9oExzWG
1111 ,35,1095,2595,https://magiceden.io/item-details/ASGtU8x9gVEZxj2rgJG7He4BXoNot59i67sRuTpcJK5a
1113 ,99.999,2018,10017.9,https://magiceden.io/item-details/BpbzTVUxAHq5WDuLerBLjD8PEVNKVcZw47AhZxfjmxLE
1115 ,666,1469,65469,https://alpha.art/t/3gFEigBHu2A4WRuWpBnWNGY9NmR8SH74bD7ttLec79Vq
1122 ,36,1197,2797,https://magiceden.io/item-details/A35TwzVWygFacVZCZvhjcBHY8L5QYNJkW3nM7RpcgzJi
1126 ,20,2181,2181,https://magiceden.io/item-details/FSi9EvcWYhb3fYzM4cwC1FbhnN7jbaJgG1NeNWgHTHqp
1136 ,35,1009,2509,https://magiceden.io/item-details/DgmctJhurozsjyNHtTgNYHPTwbEg6hHuUDysheEyf3gs
1138 ,150,917,13917,https://magiceden.io/item-details/GDYs5k5JxeLuhDbxpb9bKXphC5btxJMuhiwJp4ePiXAU
1140 ,29.5,1593,2543,https://magiceden.io/item-details/APyyX2orXEpxf2oHH12KToTDsLxhYZpMQ9FvGJKySsu6
1149 ,59,1027,4927,https://magiceden.io/item-details/DFh6gZt8tPZb2Hv4UiCe1hpAFqwZqU3dZEFjZkZkmLZ9
1150 ,31.5,933,2083,https://magiceden.io/item-details/BMU39d8hM7bvShrrC7eyptFV17ejvstXzjJV1QGJmBKf
1152 ,123,397,10697,https://magiceden.io/item-details/A7vLUYY6iP7LugptfA2Rk67SF6mPQnpw4q5gDF8Dm5J1
1161 ,369,93,34993,https://magiceden.io/item-details/FLm82wcumKTJGFqWi2L2adGvBCHYqTVLcdUUBtYPBKBf
1168 ,888,784,87584,https://magiceden.io/item-details/33QJ5NSLD2pTYVKP6aTVdWmtoRM1YpKu2vMSQGa71vza
1169 ,35,2221,3121,https://alpha.art/t/CXD5SVEgPXFXfAZR3YFCXUueEJ5TYug2metbHaBEy1uk
1170 ,75,1096,6596,https://magiceden.io/item-details/AYH4yAP7TRhuG1mZ1Tob8N85e76CUeX6WbupDyHLgqkH
1171 ,39.99,671,2070,https://alpha.art/t/7L2JxpSDsb2Ji7ApLuqohUsTLmD4z3J5FjctDupkAbSH
1176 ,75,1120,6620,https://magiceden.io/item-details/3TeQs8hJ8btoNg4z43dsZyDSFsjW7opQft7jaoFLoiwA
1178 ,696.9,1638,68728,https://alpha.art/t/3ZKK9Yr9nGGH8yznvUCeAhRVCDW1GaGFoM7k2Bf2vBDT
1188 ,50,596,3596,https://magiceden.io/item-details/8xoWDmfdazqTonmZ27i7q4b2LsX3MoodDJcFPEacedoX
1196 ,150,863,13263,https://alpha.art/t/As4Rj687GowyFRNSuAYruHDmcqJxAEThHELVeAD9U3q8
1199 ,38,1173,2373,https://alpha.art/t/8SWx3S7VCvmEhu2PgXgdwDDJ61Nj2YmthwwnE4hkW1zH
1200 ,49.9,1361,4351,https://magiceden.io/item-details/H8N7Gt1vkyjMdiPUCcE5VBmPju1Z7Pu2EwxnnVE31yHf
1201 ,333.09,1458,32766.999999999996,https://magiceden.io/item-details/2hMqZuoubMLszzRe2hX8c1w1QnkL1CKkebR3oSFVv9tU
1210 ,50,1187,4187,https://magiceden.io/item-details/HScgSjFaxuRehc9wfybNKzAzRCwrPyAnEgLXsnB1hs1E
1214 ,300,113,28113,https://magiceden.io/item-details/7C4eXZ1GXA1VD6YaRCPaR2kpBLGw9F3A1DCE8pSXVVrQ
1215 ,40,529,2529,https://magiceden.io/item-details/6kDXZRgn1Wvsv5KVTQN7S1k7geAWZm4rLpFGR6Hb4qL6
1224 ,35,796,2296,https://magiceden.io/item-details/6FVLGyirFggjMwHMsaDB17ZTiqbUQMmbQQVUC8y9Tnyr
1230 ,222,1484,21684,https://magiceden.io/item-details/HmZLEi8WnhkECa41mjvjepagYk4WkWwJ7R3Q3kgo2dsi
1231 ,25,2081,2581,https://magiceden.io/item-details/EFbVZTfp1jR2bzrZYpKe7ydJi5buLGWyrRUVtQkjkeGA
1235 ,40,1407,3407,https://magiceden.io/item-details/FCTQTxrxgRWExo9witKT6FynYVznwS9yUmWUnsLNU1Uf
1238 ,150,1521,14521,https://magiceden.io/item-details/3eTroaXLtqWqrU3kLWy1qmTuzTQJ85fKP4LJbpsfSN5m
1247 ,211,246,19346,https://magiceden.io/item-details/J8xqiDn4veRR8KrZGPgPWDsgQya4c4r7Bta9BWCfW18M
1248 ,40,520,2520,https://magiceden.io/item-details/8d4j8AEBye9fpoqdrPkUqgWmKhnd8YaKGumnLqWnHusv
1250 ,35,947,2447,https://magiceden.io/item-details/F5y7n5apPzgwbwG7e48Lsp6AsiV3TdLgxsYA7435FKZr
1251 ,777,336,75436,https://alpha.art/t/2i8YSfidP4XBEUXD5Z8TZyag9SXt1W7txzSgepQsgU5S
1254 ,100,1334,9334,https://magiceden.io/item-details/CQzj3R2rbGRStNpZ2e4WtRLkFfR5yttycJVpWcps1fVX
1257 ,15000,124,1498124,https://magiceden.io/item-details/5iSmZ2Xx1Nfz9jo1F7v8Rn5KewQPagR9oi7FhbpxXQnL
1261 ,777,1766,77466,https://magiceden.io/item-details/8fvGvtu8TRzVqxVztS7o2fs5w4PLqXjW5XoN7hAXySxG
1262 ,120,807,10807,https://magiceden.io/item-details/RJPemzfYQjRjNfaPf3xWCuNR6VebRR2YqKE9hVLKSgA
1266 ,37,630,2330,https://magiceden.io/item-details/5f5XgvUEFj8bAgqBLhdnYR6xXuNUoGGV8chwCvbx8TBW
1270 ,666,452,65052,https://magiceden.io/item-details/EC4r4we5r4c9HsNkLMCHeQmnLYjGM4pMNghWghw72aRM
1286 ,999,141,98041,https://magiceden.io/item-details/FLL5a44xdho4cB5eJ5zSAUfFZjFujYcBAVHyHqcmzm3H
1290 ,33.299999999,1816,2545.9999999,https://alpha.art/t/Boqwoa5aHby9bctrRQWM4qiD8jkmVXzkrCMbD7tRUeBw
1291 ,55,1310,4810,https://magiceden.io/item-details/3BFe7fTdu9mn5sLJvs1j8pa5DYAWkx31ceKavCVF1k8f
1292 ,24.5,819,1269,https://magiceden.io/item-details/DCgBbbb6HXa9Eu2dzHbE4PCKwVarEwem9Xg1mK7ezBgD
1294 ,25,1448,1948,https://magiceden.io/item-details/Htxm7N29oioP7hQF8vfSt2KtyejjHWb6SA7RBgRAvhWR
1302 ,39.99999,1704,3703.999,https://magiceden.io/item-details/Ga5vrQt87pxEcBMT4Tw55TKipsbZMrgwxapbfdNVv4y6
1303 ,250,713,23113,https://alpha.art/t/3Q2oKQi9jWz9ZG92RN9yDstKhfYuqutVBTGUhZSuL6R9
1305 ,26,2072,2672,https://magiceden.io/item-details/2E2958wvTR8eL7JEf3HFFDHtedKRk3ckoEHhMuNK3j4A
1306 ,77,444,6144,https://magiceden.io/item-details/EBhYWkLEQpcYtB5HyuhGmyqcJvZrBQSr9nF9ZqqmnBKB
1307 ,27.49,719,1468,https://magiceden.io/item-details/E5JmVK5SLgcBKcin86m1oi3Ztd7EzHL5o14BdAHD1eUV
1308 ,55,1358,4858,https://magiceden.io/item-details/CVYhou56exGYhcZ7KJCsgQUQG26NFuXaaBiunGU36Mmj
1311 ,50,2067,5067,https://magiceden.io/item-details/51833XYnvHBu7qRzJ8Ct1wjXTNM8KoST5BLKkXDzBkTG
1314 ,60,1877,5877,https://magiceden.io/item-details/95wqqgk2hCx8q8VGkPPER6amCdH6zf5LtieFcDwAJ26z
1320 ,30,2075,3075,https://magiceden.io/item-details/FRN3uVq6baSa8P1wAPX3WL48ESB2RfBCDgVoozh62hH1
1321 ,300,94,28094,https://magiceden.io/item-details/GcGWgPgY3NFjHNBGkNAXqNLTG9ne27Vg67bix4SYHCsk
1322 ,100,1020,9020,https://magiceden.io/item-details/47VQfCqR1oVnBwb1btBy5qvUoqqrkYyVhDFCREDwAWuT
1323 ,30,1153,2153,https://magiceden.io/item-details/Dt5qjX3SbuAHfyVNRLKkUmgaajFDoKgf74uB84HKiUqA
1328 ,60,962,4962,https://magiceden.io/item-details/8eJ751iDF5NVqfbqjqn6orwCVP6Edm2SGJcDYnw3t2GC
1333 ,109,96,8996,https://magiceden.io/item-details/EAGMzWG8jhTfCuYKDNzNVKbs5QejFRA1raAs9wHCDDDU
1334 ,420,663,40063,https://alpha.art/t/844eXxXc63wiCoXKT3SW3V7RdYDkzpR4hsGWf1TeLgh
1339 ,615,729,60229,https://magiceden.io/item-details/HNcLeJTFg5kFjbzKP9r7ij1ogVqVD4xyp14wynfzmaYx
1343 ,39,522,2422,https://magiceden.io/item-details/3kds2REMeULdpfVEBJQnJzsW6SExvq4kkcXr2ajLzVQ4
1348 ,25,1881,2381,https://magiceden.io/item-details/JAJmkNGPh9KAQXvtQJAugzf26LTogdy5TZ8BsU46598k
1354 ,50,2130,5130,https://magiceden.io/item-details/CBW1ZqNHCbkm7NKX9R2wu2urCHMuipw7EtPtVkJFfZ1
1360 ,60,1030,5030,https://magiceden.io/item-details/HnBy943aLHaXdQU9iE7L2yfNQbd5TpWgp5khPEAguW9e
1376 ,98,133,7933,https://magiceden.io/item-details/D9igYPs6wucyv8eforpCxtQzUcW6muEGntfM9TufVAqA
1377 ,99.99,1437,9436,https://magiceden.io/item-details/6J8Qe2zPF8PDJR5f2SC4kzqvaY2g8YF1vACmz5koLd1m
1380 ,25,975,1475,https://magiceden.io/item-details/2Zx8ZwFRPwhukqjyg7H2wsGUd26NVgTDXJzyTGRbajHe
1384 ,222,59,20259,https://magiceden.io/item-details/Hm3u6LJH9h6ehsURTxJeHLVvMVowxuVzHAoLZU231xoF
1391 ,50,1534,4534,https://magiceden.io/item-details/E65dz23J8CvDrTe4oyGWBqyzuczd5n47qiNzVQGWfsqp
1398 ,50,760,3760,https://magiceden.io/item-details/5LpMV3C5CDGhapKAj6q3QptpsTV1UX3xCDYWVfBZnMEE
1403 ,36,953,1953,https://alpha.art/t/3aQ6othRMmY61BknYvm5CfUQyshSSax12Nf62FBEu4rJ
1404 ,75,1677,7177,https://magiceden.io/item-details/JDSc1PEdWfrW5PapeMM5QKHwLWBeaf8Ru1STtggDPZ5m
1408 ,750,61,73061,https://magiceden.io/item-details/Eo4rw9ytBSnBwqZr8kUCzNyBvghRD2YBgpB9vL2ZzprZ
1410 ,595,372,57872,https://magiceden.io/item-details/8G5UWHzsfLyN9p9jj3b2nPGWDFsnKN7SE8EjfWNcLFgY
1416 ,66.8,1875,5955,https://alpha.art/t/5KeWvRtcdcWP6mQyBdXAd4vTdB5euUc27f4FTExSHU85
1438 ,100,2062,10062,https://magiceden.io/item-details/4Y3KBeqGQHC1wm1XzVBGxEKHBArqNQsDZNYQtMPX9tSH
1441 ,40,2094,4094,https://magiceden.io/item-details/C3MsgDF3i8R6DVyK2dqBMBXqtKYQEBXZDm2Nxz73fyTm
1442 ,200,236,18236,https://magiceden.io/item-details/7hmpF4uvruVqqy623Q6TujuuAfghigTn8Jto9KXHEz34
1445 ,44.88,1843,4331,https://magiceden.io/item-details/3cU4cJmD5BHbZdCXwh922eHFH4j8hr8hkiA3vMa51MD8
1446 ,300,68,28068,https://magiceden.io/item-details/5CgRzFZD9UX8agFaXJhkwSBScuEFF8pYVnpJXTUJodE9
1449 ,23,1329,1629,https://magiceden.io/item-details/HMbK84W39SdTiKuVtLs4rTFBD2yYc2zcbUZyGQdD5FNG
1458 ,540.09,1302,53311,https://magiceden.io/item-details/4BZ8TYi2tYNKxrJsiTj2PbJAKv6c7w8Cf6KGw6rrcfLS
1460 ,111.111,38,9149.1,https://magiceden.io/item-details/8o32mUwKGArBpodrs1GvpobvW3pBjpfprmKtwYn4GsP8
1469 ,300,580,28580,https://magiceden.io/item-details/6cAM8sQNP6VZgkjHGU2Hc7BVL7FRs9aa5qtQ27WNtK5B
1473 ,150,577,13577,https://magiceden.io/item-details/8hFsJkEsq4RftKUFhyEX5z9xZkRHj5PpyVgXqRBi61zU
1475 ,50,1010,3410,https://alpha.art/t/6APNtnLfvd6US2w4Rtnefj2JLyx3Nvbbkpea7vN8ZTsa
1478 ,200,338,17738,https://alpha.art/t/A8354pamfyYupJWZQHdFd2gmCQRWZKrAMugZtoS1ezxB
1479 ,888,605,86805,https://alpha.art/t/E4K8uGiABjF7CwBUgPvQDbHdvyjYqJ8cMsWUX7RewjQF
1481 ,100000,82,9998082,https://magiceden.io/item-details/5jMdRN1u8MsJkhB6Mm3etJsw7PQenvA351TbZFmCMWUn
1482 ,50,1482,4482,https://magiceden.io/item-details/8v5FW4Dtc28HwLMyNg3956eGnqQjAcgNRm6HEU6twkco
1484 ,50,1509,4509,https://magiceden.io/item-details/22HG539SqiYGSkQenh9kVsvsJAmvMcNAkfAWF6Pr5V2F
1491 ,100,491,8491,https://magiceden.io/item-details/98SQqHp64gdq7Zo94VX7ZohEWu8voUPGRazshHYpPeni
1492 ,32,945,2145,https://magiceden.io/item-details/9RU5TR5WiU4LRiWQCPboRzSRGSA7FCzg9Vdjkv43Ht9H
1495 ,35,2108,3608,https://magiceden.io/item-details/FywHUatLYAs2EALbU5R4ahCwhJrxa2qQRJmLEC3bC8qi
1496 ,100,1338,9338,https://magiceden.io/item-details/GNzcT7CzfDoTHfxsoina7r29jdRYHMpRVgQh2Nxa3Qu6
1498 ,89.69,2111,9080,https://magiceden.io/item-details/EBqewByYHDKthJXGbcZ1BoeJbAhqKHQC1yevfpzZMYdu
1499 ,40,1560,3560,https://magiceden.io/item-details/AtPDAnXmugBGqTQFRKKa9TRLx9AKf3PFDUhkGk5auhpd
1503 ,45,509,3009,https://magiceden.io/item-details/4FNTZkC8RVgibZCpKSHmyvpsA5u9nUkf9LM26madb4b1
1510 ,555,763,54263,https://magiceden.io/item-details/6fvcopynbk2Ky14M3aZcDaQxTCp5cUGcxD468CUC3bFh
1512 ,39.99,459,2458,https://magiceden.io/item-details/3dgMWiXcbVnS6aieZfth2PdEv2dRs5wBf8RULXTnv2tx
1514 ,188.88,1181,18069,https://magiceden.io/item-details/BUUR4Qo9zyoiyPPYpxLwqGeuB8c9zmEubrxjDRq1mWnF
1518 ,69,821,5721,https://magiceden.io/item-details/32387r9gfhdYgcyPhj23NZRh3iAL7QqKUCg335UMKMXr
1528 ,88,1635,8435,https://magiceden.io/item-details/C8QhEWben3EnBHqvXeMnLDBQLgz8AunV9htrAu2KZwc6
1534 ,200,508,18508,https://magiceden.io/item-details/CBrBkrcxtcncXGU4SmUvmD6NVwekGt81DLXFKuHxUsMt
1541 ,25,1488,1988,https://magiceden.io/item-details/J1sqUZU5thygRYwA1gY3Z9SWPDFrdh8NpwzwepMkrASi
1544 ,56.69,865,4534,https://magiceden.io/item-details/FCb7g1CXHQnXqA2eu7f1FrQySppE5DKNusprJHZfjmwi
1550 ,158,180,13980,https://magiceden.io/item-details/52YkTenXyeusSL3B5Vvwouq9hxd1M2jmndogJxQDZMuA
1556 ,77,775,6475,https://magiceden.io/item-details/21qiezMMZeXrZCMQKaFf6222ZpvsEvGEJXTtejq2W8Mt
1557 ,200,1147,19147,https://magiceden.io/item-details/BA3yDMeUfXn4LegyddLWfpk1ScjtAWheMuR3ju4Qb8S4
1558 ,150,1115,14115,https://magiceden.io/item-details/VTVEV6qgL1nVi9guBaiMVVByxUsm8tA2u4UPBTnBDSb
1559 ,50,1989,4989,https://magiceden.io/item-details/Fe8nQq18EAWfcLzubiFXgxadtYqNzkWRkypYhtcBP3NA
1560 ,169,467,15367,https://magiceden.io/item-details/CKfMdz6KdCG1uNaoGnqnU4N1wjQV82BuCbDzuxRWFy8k
1561 ,45,369,2869,https://magiceden.io/item-details/4xkEPU7CijReJQ2NctxDCojuMdcoVEvL3B93xAfzsyjk
1564 ,24.68,1261,1729,https://magiceden.io/item-details/J1pgyvRE3iMhf2Kcd44W5hUdhGqJkkDNUb9cNmW3FRuE
1572 ,70,604,5604,https://magiceden.io/item-details/31ijGv7pXNnAMEicbEzHYMRz93fyD9yBYo9eoLARNsg6
1575 ,25,1193,1693,https://magiceden.io/item-details/AWfJgT6KPuyDWhNPjSGvKMeGY8WsCxuJj7vcbRuB7xpw
1580 ,45,1657,4157,https://magiceden.io/item-details/5yWitkmQQBdnW8ryVLE6pWtgbJNNsLgxry5CyJbMiHVe
1581 ,100,2058,10058,https://magiceden.io/item-details/HDQuE27gVT6gr5QUEVt43F1KKH3WoAsZtwg4ZjkCgcjZ
1585 ,44,1440,3840,https://magiceden.io/item-details/FsRDxLNY7tGbL5jCW4yDxyALe82fvucrudu7CivDnqwn
1588 ,350,46,33046,https://magiceden.io/item-details/BFnpamWuiJ9QRFy3cBwwcEips3hMJFNbyj2Y38e76MTg
1590 ,128,1573,12373,https://magiceden.io/item-details/4BbEXEqTBBmMz1HSTQNjvbAKU5Zgca7jDMLNUAfMipWU
1595 ,33,620,1920,https://magiceden.io/item-details/7cTS5rsWWhsv6C11N6NzL3Nq3SSqS8iUSVM2TGB9Bn35
1597 ,625,1661,62161,https://magiceden.io/item-details/31KYfqVoknsRh84mfe5yhE9UouuwC5dAvLVfEcpYqsD4
1603 ,1500,17,148017,https://magiceden.io/item-details/AB7Gk7e6VTiXWjeEUcxyi8oYTKcuC4EbAqUUHGJoP5De
1605 ,888.88,1140,88028,https://magiceden.io/item-details/FjqaHqSgSmi5J54oP62M6nD8Q6s8f5CWobpLRGLNwUgB
1609 ,45,2033,4533,https://magiceden.io/item-details/B2piBtL1QPJn8KRzmqa9jeA69ZYp7upUFBfffrjcZBS8
1610 ,321.123,256,30368.3,https://magiceden.io/item-details/7ifgnzhvq5VY5fRsGhay6aEnvnHrz8fN1PeKAqLugCeo
1612 ,222,1495,21695,https://magiceden.io/item-details/7TGbuvnB2SnZshjsh53dG7PY9zYBWScEgG8mVqwdy1mu
1624 ,200,244,18244,https://magiceden.io/item-details/9VcCrW1sMHpZMeaCZC7kns6skwkc79L9so9YTu4uQGcZ
1633 ,222,1000,21200,https://magiceden.io/item-details/2ChTisZGacfs3vEtyNL27oGDJWYidtLA4GxyZhJojwEG
1636 ,99,1129,9029,https://magiceden.io/item-details/9YvBi6JkQGKMyHH6zVNpxaWetbxzWvQUyTCmc75MFLH7
1637 ,667,553,65253,https://magiceden.io/item-details/HxsCqbSgwQFQ7d6DP3Tqwc1ACfy5e5yppwB31q74rJWx
1639 ,46.69,1558,3627,https://alpha.art/t/8VXZPNNCpSUk8NnPEKrBVLi4kUWXKGwN8nDvLiHZ7saF
1642 ,45,502,3002,https://magiceden.io/item-details/84sMVdbHJTLxwhqhXWxpfwhLSQiy597JDb5H2RXw1D2G
1648 ,120,993,10993,https://magiceden.io/item-details/BUV2MNJjWhJJcRWhLMM9hNwA7WCqfgBZxyFLdVb1YLUQ
1649 ,150,1074,14074,https://magiceden.io/item-details/7ftwFVxQwqoS3ZLCoh3HVQo11bzfZLeay3LBeMY77cDp
1650 ,62,475,4675,https://magiceden.io/item-details/9TTKQ9HugLMa4B498aQf8mpQARh5PYKryGPEiQ4QknKp
1653 ,100,1763,9763,https://magiceden.io/item-details/E96xaeoKDSDec99H8wZ7oLajfyZws89h8osqiS3p8Ngi
1654 ,35,656,2156,https://magiceden.io/item-details/8yVCCCWz1GmHSS4Lqe8jeyvcmf5vtSqDFgjuNbCGxdfi
1658 ,36.9,1483,3173,https://magiceden.io/item-details/ARUMVuE4GdRvZazRdsjL5Xy9SNyN189mM14vW79dwca2
1659 ,75,513,6013,https://magiceden.io/item-details/3xQcPu3zcDiojrnEPxAboNaTX1MxKGtTaGmjurLpFxM2
1663 ,29.99,708,1707,https://magiceden.io/item-details/7EJpBnyzAk6wnkcnvWyL4xvyMA5wX3uCGv7pDSgA6MkB
1666 ,55.55,426,3980.9999999999995,https://magiceden.io/item-details/6rxmuKUVwPyxRCXfqD2unzNS8g9amT93U2LFgz1RkbY8
1668 ,70,1324,6324,https://magiceden.io/item-details/ANJSmUs4fU8jphh6S7NjysML8gLQ6VPcyko6KHpQuiHr
1673 ,75,1101,6601,https://magiceden.io/item-details/7X8v7nVSnuQmezoUuLiF34hdQBmkBx45p9jCzsNeicr7
1674 ,99,1710,9610,https://magiceden.io/item-details/GUdP5Gha6QDcMETWW64sqMenmGK1LEEznur1zfUgkWXX
1692 ,45,1709,4209,https://magiceden.io/item-details/BUackr9NwZDrSUzQ9c1whrXNxz7xa3jnnW5uDJkjayjL
1695 ,50.05,296,3300.9999999999995,https://magiceden.io/item-details/JB7qiXVxUURcXQ7zZ1G5S3skbh9mL4qpzyHcJi2p6mML
1696 ,32,644,1844,https://magiceden.io/item-details/9SRz1rX4iiaZaQjXcFBVnHNMqotLwV5GcwUNsQqR418j
1697 ,41.3,1157,3286.9999999999995,https://magiceden.io/item-details/HrCbA8apbXLvpp8pQF6zoTYjVULAKqUkqhZNs1BJc384
1701 ,39,313,2213,https://magiceden.io/item-details/B6CQzUA6hU8gruy4t8K6uULZtkV1Df2ZP5huEyQx55aD
1708 ,40,859,2859,https://magiceden.io/item-details/9R7TAtfUzmp3n8BMpMx2F1Hwnwse1wsTRqug2zo7LtW5
1709 ,28,1357,2157,https://magiceden.io/item-details/2VHpeHu51osyPTVpd9m7b5oSWhffFsmCDiW8irNs15wE
1712 ,40,853,2853,https://magiceden.io/item-details/9uNm7rpSWceti96Njm7WJVjnWGVNx8jAqueC8nSmQiyy
1713 ,37.5,1142,2892,https://magiceden.io/item-details/8tsvWrXnVxJpdNCRLqwbHraxpFaeWw6QZNMqajrrDdRK
1714 ,30,1808,2808,https://magiceden.io/item-details/97BJgHynfNkXn9hhEEymEi1vfDqDTNztWC3q75kYU9SD
1716 ,288.88,1379,28267,https://magiceden.io/item-details/6w9AiXMDTLgFwkJ3rtpPECavuqa3a8FeN23Hus71DHTe
1723 ,88.88,243,7131,https://magiceden.io/item-details/FafeNCT78uKcqBsHxhBE6xuQDpuPis8ZMK6ve6ssAZki
1724 ,269,798,25098,https://alpha.art/t/DFU2cz81cAQYgGHfWk9cSF4RdbSeh8jqkdjcV9Lp5tXM
1728 ,50,1945,4945,https://magiceden.io/item-details/7CPkVWFKWRkJppEJb5h38y4Y5Co5QZkZ6jf3afTJ57vo
1730 ,24.7,1533,2003,https://magiceden.io/item-details/4Ww4ZH4sJBJc2p9Co4BReovYoCoWhpL2pNojMYFmEtUA
1739 ,32,1349,2549,https://magiceden.io/item-details/4B6dSyVFGjaeQ1NzTqZrYjoKtz4WpfpCwAXkugJtdfmL
1742 ,650,618,63618,https://magiceden.io/item-details/A6T1Giqhtd6S95nro1RMdXqxzKFubgKNtV1ifWz7gUAa
1748 ,80.78,1577,7655,https://magiceden.io/item-details/7f9focprEjrnYeLkE2YwpVZKvS6XmAwo8L92gxcwNTC5
1751 ,100,1134,9134,https://magiceden.io/item-details/8UwdXmNs4p8GXTNzZsw9dwCA53QhZ27ubzeQXS6Dpv9K
1753 ,30,1289,2289,https://magiceden.io/item-details/6CY6BaMWzHHu1o5ZjQQRXQhpMP4RgzJWw7huCpwNjjfo
1759 ,24,1620,2020,https://magiceden.io/item-details/5ocuGxEw5AJmAMoJoPkjDau5m6vy1HiqgCpAvGZVxFeE
1764 ,420,470,40470,https://magiceden.io/item-details/CNGjTUiTjnryoLkKAvgX3Q1HBAYx18czbuMTrUSFSxcF
1768 ,50,1920,4920,https://magiceden.io/item-details/2c3nmLhX91NwyW52kXWdbQ3icysjoEq6gVY5ihAmfUGR
1775 ,110,1325,10325,https://magiceden.io/item-details/6kC5z7Q3NUHZ5m2P1wbgYYZ2K5r3bLpuKt2qyk2ueVja
1776 ,49,2063,4963,https://magiceden.io/item-details/9G9mxiaAZVX6iy5nSS1nbU2sRri8BiudDGevydxfFdfs
1782 ,85,575,7075,https://magiceden.io/item-details/GnsT1KEF2EZyGwPVrJzBmowna5kixa3BiyBXHyfwF1DH
1790 ,27.45,1165,1910,https://magiceden.io/item-details/AtSAz9ZC6bvwWcuYkTcHp34rg7oVvifwWStF3MmPuAzK
1793 ,25,1222,1722,https://magiceden.io/item-details/7zt28yvzRx1S79iGJqNyZ8drUiNnNR8doh9hH3kdamp
1796 ,100,653,8653,https://magiceden.io/item-details/G2nxZB9oiEcnWT9fFirbxDUAsTv23o7Uezs4hJN7ujSU
1798 ,88.8,560,7440,https://magiceden.io/item-details/47nQDGszRzYb8QwZbPz9iHaod7iNnCWC6JWZ1ESDv2GN
1801 ,66.66,888,5554,https://magiceden.io/item-details/7qYurC9Ca6Ys9hVZgGZsBNN6S1KoFVefCXM4p6M6TANs
1802 ,39.999999,1982,3981.9999000000003,https://magiceden.io/item-details/CQp3tg7ch3UyuDgeixKvv9GsV7mRc1Ffr9iP9cLGVP1r
1805 ,150,1071,14071,https://magiceden.io/item-details/4affseCUMgf92vDkoVrgZxQz16eLdtobpkxzkK4TUvA8
1807 ,66,735,5335,https://magiceden.io/item-details/EJ8U8NncPv5JLCxHvwTmvessCE8E6iYrbrCg3nKskhUE
1808 ,250,355,23355,https://magiceden.io/item-details/9nsJx5br9DsuwhQnQ3CHeXVaGW5xuiK2vgNx8jY27zxN
1812 ,22,1921,2121,https://magiceden.io/item-details/7UX3KBqpDBtxmBaWuNAUgfF4cxeVS1Uqytmqcbqq5hpu
1815 ,1000,477,98477,https://magiceden.io/item-details/CHWS7Wsnie5SPrTF6XUD95Cj9Wr1sioY5wjcvK9Wv6f9
1822 ,120,1198,11198,https://magiceden.io/item-details/5aziLEDnDhRH9BCndCGEKyHZKEcxTErmBNKVL16zAhrb
1823 ,1250,10,123010,https://magiceden.io/item-details/3fRMezvvV7WAvuQBQfzN7TYYEdNFFxxr7R362KQZhfGk
1829 ,22,1695,1895,https://magiceden.io/item-details/CX7f1ZLJzPr5BeXFJM9xi6n385dr3buJ8ZzGSVdhocBp
1832 ,60,1592,5592,https://magiceden.io/item-details/EWQ59fJKjWWk4vAgShTHYmr9Xktb5LotuHGhG17Q8dTH
1835 ,89,1347,8247,https://magiceden.io/item-details/HWBQZPGiURDgVFKEv4YHKKavydgyAqRipyyzgBemtVsD
1838 ,43,1258,2958,https://alpha.art/t/AuFny7pYmbAh8Vfug7WGTCMkh4cPfhmyvkTqnjoSqtbG
1843 ,38,1926,3726,https://magiceden.io/item-details/DcrjvpnsXFNzePywA6GcC2WYjZNoNZJ5LGbgot73C59a
1850 ,22,1820,2020,https://magiceden.io/item-details/9UGV52HswgwJSsXd2N5fi1b9X7M9y4Nkb53gAEgMYYV2
1861 ,24.69,986,1455,https://magiceden.io/item-details/5doxLDaWecFoAJsoYXwQzmALnoauoTK9VpWSpDnVRY7r
1865 ,27,1861,2561,https://magiceden.io/item-details/DfY1PbUcEbzT7RErAhgxwJQ21GvTfiGaUAN2WPgwNmSL
1869 ,399,142,37442,https://alpha.art/t/65F4hh3W7D2Bc2KRhcsxdoeUtX2wY1kAzA9iesgk4uWt
1877 ,187.7,95,16865,https://magiceden.io/item-details/C8r1zUhNMjKmpwuZTAof1hNd3yFc7S7L4qXpmGywcLqz
1880 ,200,1537,19537,https://magiceden.io/item-details/125Th53NjY8CKfLgQfk4nbjyfAcPDyvFzwJqHkLpDnyW
1881 ,999.99,203,98202,https://magiceden.io/item-details/HjhEZ6BfjqhzUXtjDhEsTGgwKj1orfqnUKbMhsuAz6nX
1888 ,68,1984,6184,https://alpha.art/t/2qAZWvoFCfG6wdhuuK1WmZmmbhdx8CiAH86FWEXRVBgM
1891 ,45,472,2972,https://magiceden.io/item-details/C5mCbAyyraLXy9SxJXeoa4ywi9EePZWoVNpBy3d1wEa9
1896 ,41,362,2462,https://magiceden.io/item-details/EjbcCeHk22yQ7dA9m1UKq3JHQ5PeUpQDYfHqg5vjnJby
1898 ,350,283,33283,https://magiceden.io/item-details/8CaAiAbQPNXhsBpto3eABkZbWxzX3hJZk9enhFtYMqR6
1904 ,200,1226,19226,https://magiceden.io/item-details/AtwNJ9MUgusv9yBHBr8Akb3mvBUchqx5uPW2GEGneiU8
1905 ,100,780,8780,https://magiceden.io/item-details/5mGys3dw3wqYvVKTMgkeBfA6zwHGoVPvakaBkp8ob9Ng
1917 ,26.5,1102,1152,https://alpha.art/t/4qFzbXRBmU7Wjzx1A3Yzpo3Qb7C5MN1ZXfiDZThaVYuy
1922 ,88.88,576,7464,https://magiceden.io/item-details/77bb3fCU6qhLr9LFcbTvXXcqxoHjpSbHRJBkheHSSZg5
1930 ,65,844,5344,https://magiceden.io/item-details/A4At32B7kGjDfBXZFPWWgvNrQe4LrRu7SjA9Cw8xs4Wr
1933 ,6889,318,687218,https://magiceden.io/item-details/BU3azEKAf8YeHUpNZbferTgsZByEthBrKZG5Rkye2DqR
1938 ,1000,168,98168,https://magiceden.io/item-details/DajWLzBERhySXtApM4yZsg96pP2upRRDCLgqJ3VQKkcg
1940 ,121,676,10776,https://magiceden.io/item-details/G6eNDPRBhfEG9s85CfhNTowMP9trhQrvg783oXR5JqZ4
1941 ,40,602,2002,https://alpha.art/t/82icgvG7Wyyb9qLhF5y9rDLGTydG4FTwW6e4TrkxNjba
1942 ,999,437,98337,https://magiceden.io/item-details/C2SDwUUuTycvN986vmKUKa8YDWX4bNQ22kpcpMtEypea
1946 ,36.9,1063,2753,https://magiceden.io/item-details/CFCnLcxvrrVvJx6TpF67nVRHyqr3sbVN2g9UAGzsdwGb
1955 ,46,1245,3845,https://magiceden.io/item-details/HU3bmdWeWem6BZg6euhozRbdomkS2BG2ndkX4H3SBLJ9
1960 ,369,223,35123,https://magiceden.io/item-details/D9xkY7kTuKi2mP62c1pKaWw7MGXQh4qank7WKC5wCrAG
1962 ,99.9,543,7933.000000000001,https://alpha.art/t/GqBbDmza1bvAGUq87pHL1hku2kuFwionDBMfhgJ57q9R
1965 ,50,403,3403,https://magiceden.io/item-details/7yn36HB8onTEh5KUHGbDvzVgvitb6XdekQVyjAg8wyvG
1969 ,75,335,5835,https://magiceden.io/item-details/CR2Y7P75xCDtdgZhpUZMjpg5TLtjNxfJu5QBACtVUfBT
1971 ,48,262,3062,https://magiceden.io/item-details/8pdbpkG9gyjMM6RQS4AQyhYh2WNgiQKPH3Z3FzXUc64m
1975 ,125,1254,11754,https://magiceden.io/item-details/7buiattmDmfrweBbmN9n9GRbUZJisSLmC25g8S2SQLrN
1976 ,24.5,2070,2520,https://magiceden.io/item-details/DGgicQcYLohz6iYwFcTstHjHj4E45NTCNMaP2nJYawd
1983 ,150,1148,14148,https://magiceden.io/item-details/H7XCUumoo1KkJQQnSzwYszsC9rAYud5KLtbiAGmubtYs
1988 ,75,1773,7273,https://magiceden.io/item-details/GVDVCFsuae9eio5hWdH4Uoz8gbCfHvdqVirBrzrfHDrX
1989 ,369.369,907,35843.9,https://magiceden.io/item-details/EjZxB73zm7P68NJ8K5JZDThqriUhsAgnAR1agT7bkDRN
1991 ,210,62,19062,https://magiceden.io/item-details/F1vnxf2QbqAJZyXM1ttuQgGS2rYPFQA5698HyL1FRfv7
1992 ,25,1424,1924,https://magiceden.io/item-details/2ziDB1kLzZnNFyMpLTDKT6mXY87Dq4HiXUJ2ADAL4wXE
1997 ,420,503,40503,https://magiceden.io/item-details/4LSjeHgutyDqPyzEnX1EUFVZS3pgps2PunZFk2yVBkSj
2002 ,70,221,4621,https://alpha.art/t/6LmqBnzd6VU45izknwndgXH678rJ7bKFx1y4grcNcg7m
2009 ,78.9,1064,6954.000000000001,https://magiceden.io/item-details/EmqQkQr8TY3wDPVS6EveTo7YhKLtBPmGcH3qvhaHpDy4
2015 ,666,76,64676,https://magiceden.io/item-details/FoETqSdXQmBtR5AyuuGeyDqanKCeeHYZAAtWwqm6xR43
2030 ,500,950,48950,https://magiceden.io/item-details/Dqg3f4MQd1LTVRtVaLRcCaZQ3MbL2fWcVzhqz6m2t1RF
2037 ,169.69,574,15543,https://magiceden.io/item-details/BscmGXbCjA7LF5naT5ANRdM1pYxhjpnod5YkkdriLAM5
2038 ,100,1116,9116,https://magiceden.io/item-details/8oDdsrVcww4hm1mVN775RXqAhqrB4Qqv9Rb5CbvkNFu4
2048 ,500,375,48375,https://magiceden.io/item-details/FuEE3MQGUYaVu5cf582U3FwtNqTA7v8emRMewR1vX2wk
2051 ,555,155,53655,https://magiceden.io/item-details/GjQrrpZWUxBJibyetDonkj1prJmFXwhpmW2LszxWZj6o
2057 ,250,468,23468,https://magiceden.io/item-details/HjAytTCN2fK2nFwszkxvMbn792eNP1C6tTZ7APj3Ns6V
2065 ,123,661,10961,https://magiceden.io/item-details/64fHSQtM4Dt4wJhiJM8r7RrBDvodTfDrnhgXgzewvai9
2067 ,1269,292,125192,https://magiceden.io/item-details/5ouLa2WSCBGcGLraoT3DjTQoAEGZXAqtVt8VWsCc6RJ5
2074 ,140,847,12847,https://magiceden.io/item-details/7JoGNfH73MYDaXrpotzuUNGgVVb1UKB4k3ttB4BYAXYN
2081 ,300,356,28356,https://magiceden.io/item-details/8d4JmQYncF7tshuCdTrzR1wye7sunbG4Wn1U6c8vz5AL
2089 ,117,505,10205,https://magiceden.io/item-details/9cPfzNHDwhAnAipzfhfcnhAUuf4og83JvJevnFq3uX9g
2092 ,166,864,15464,https://magiceden.io/item-details/BdfqqeSk2Y8HToLLdW1BabjkeKSRxkE1uRKikgaiJJyh
2096 ,777,840,76540,https://magiceden.io/item-details/3pozKNA4DEMLerU6VEGnFfXB5AioDeJQFVrSGsppwYVy
2099 ,100,2092,10092,https://magiceden.io/item-details/H2LTPC5kDQUAFUpiUhKVRAqqmRjUXp7MfSFsSK2H7ECy
2106 ,500,640,48640,https://magiceden.io/item-details/7tWLEyBxRTbXAVfJKpUWdexgwtkMAYMTRgC7z3GhcPE2
2107 ,150,1100,14100,https://magiceden.io/item-details/4piLjox7pzmc9F2Frnqh45uWRDA9QT77KdXE7pDMDNar
2114 ,48.1314,1269,4082.14,https://magiceden.io/item-details/qGm9o7b3dYDc7fbQanFDyx7HceFm3bQy7kUNdWS3oeu
2115 ,66,742,5342,https://magiceden.io/item-details/2jXtZujPJKdRTAfDvEBHCSdJK1zr64zUi3oSi8eXAs44
2121 ,99,1061,8961,https://magiceden.io/item-details/3JUFN1vjt95B8hGYz5cv4FdrAsb3EMGjNL4tJ6fMiLad
2123 ,1000,49,98049,https://magiceden.io/item-details/4rRp7CN2hnN4w1Dy3P11h1N8TzMRUY2vDc9ZHKyt2ssK
2133 ,333,18,31318,https://magiceden.io/item-details/J9GAMXH2pP7xw4ftVtKYGt7vFrNLtaJoFXFyi5Bi1ukW
2134 ,888,30,86830,https://magiceden.io/item-details/HdGusrfKkpqq26QFj7SC4j1UsRnSkHbbnsyk7uZkh43q
2137 ,800,206,78206,https://magiceden.io/item-details/DNyECe9dcsdi67iPyUAFakQ1QTTLrBbgkFSb14VCAvEK
2138 ,89,949,7849,https://magiceden.io/item-details/5rtpMA44dtFt56nqHyg8P5otWnnPcsp7KML2zDPNDNVV
2140 ,108,610,9410,https://magiceden.io/item-details/5nXain6N8JmGJnyWihmEA5Ms488AxTZxB1NUQ7vfwyZH
2143 ,500,774,48774,https://magiceden.io/item-details/Fm7b8qLmD3onisXkqbGGXEmJ3HDxeCDSZjd6ZvGfJE4W
2149 ,198,158,17958,https://magiceden.io/item-details/DVVPMYraEnjzMroMkkc9REb3q92w7ksmJtb8njVDEFqC
2151 ,111,586,9686,https://magiceden.io/item-details/W5z6Au1xTpxshc7AR5WqAfyP8QkmQJxvsLLHBsfHxLK
2153 ,50,643,3643,https://magiceden.io/item-details/FegtkqUeLb7xiTgvmYxbPkU94ktSb7b9tCTseV32gkkH
2156 ,299,999,28899,https://magiceden.io/item-details/GWha3EZ5LUv3o23ReAse2XLQaqAmivRnZtrgzKJZHoEa
2159 ,500,215,48215,https://magiceden.io/item-details/3LBschUkAUYvTu8BMu2jSTY2Z8mF33NkVCGntjWdqS5h
2162 ,54,572,3972,https://magiceden.io/item-details/Ba3eF8UqNiGr2khKfSGgjYwbEeTALWAkwY7RcNeHzze2
2163 ,56,768,4368,https://magiceden.io/item-details/E3Un2aJvpEAGhU1adGxMstSYdDp8xABC2tXZXQgrwbyd
2164 ,405,15,38515,https://magiceden.io/item-details/59ELSbgU9tMZXqHiLjyxe2AUojbC958euPSoKAvfnywR
2165 ,50,875,3875,https://magiceden.io/item-details/A7Yu41A6vbhQ4En6m81vTAHn9d1Eb9tWWRZ4xWzJuwYD
2166 ,68,1550,6350,https://magiceden.io/item-details/5yL8HNmRbbzUqkLMoFSRCfG8emcCycsQyAhCHdKRMjyd
2175 ,40,696,2696,https://magiceden.io/item-details/4FxrUww2x7MtnBd6YdQ9pkKY3kUTJ1SnrexM66nJkdbj
2176 ,60,239,4239,https://magiceden.io/item-details/FvZ1e1gSxCe6aiJKpvfw1nZfnojfpMHDfAUEa59GbRCr
2178 ,350,1088,34088,https://magiceden.io/item-details/AWZ3hgBzaFC8xh4gkXAtkwjQ5ZiPcXTZisjXSjz3MYi8
2182 ,888,75,86875,https://magiceden.io/item-details/5iFShtqQHX1szi2U1MmR69Kv8uPoitU4nvvZCdaJZQqw
2185 ,190,2027,19027,https://magiceden.io/item-details/Df4nNjiqiR14nghei4wqim1zWpVCQNWzpBysz4LGLRta
2186 ,63,1168,5468,https://magiceden.io/item-details/9J6Drx3H9KnE6jBdiStKQaNSM8j2ju7f4USZ2phqUGs8
2189 ,63,217,4517,https://magiceden.io/item-details/7YDmVkUtvBdGcbnyBA4tUsvd8ENz2fYm7fWBzccaE8L7
2192 ,88,1085,7885,https://magiceden.io/item-details/AirtW46js6KDMv8y87udhsDdsTHADc4pTj3CkMwTp3di
2198 ,300,1005,29005,https://magiceden.io/item-details/H53mHvro9kYy4vyqKhq3MbaeiZsmrpvMmAGcNKhLCEbx
2200 ,67,894,5594,https://magiceden.io/item-details/5E4WUmu2c2r8MUdkYM83PPFhfnbT9QVowWNGuooCWt6L
2210 ,853,328,83628,https://magiceden.io/item-details/CS5TfvdMnXCWwabR5V1mPcqusuzgZLEPKHvh3pj6WwH2
2213 ,39.5,937,2887,https://magiceden.io/item-details/3q4paD1ttHCTfu7SZWGp1rmd9T9juagamN2TdJ2b9ibz
2215 ,181,946,17046,https://magiceden.io/item-details/75d8dZNifc69UQKihYkry8oy1FRcmQ8ocmzV9Ym5hHaX
2220 ,700,429,68429,https://magiceden.io/item-details/BLN13CeQWfDqs2BnUHfqGhWkWwyV8CNu4dFUopetacEc
