id,price,moonRank,storeURL
1,1.25,2926,https://magiceden.io/item-details/ES81D62j4D4iu9rETExdPW9zespom2ktM1krcqBWCmv
9,9.99,520,https://magiceden.io/item-details/BhPuXDmTD99bDHZMW13R9yTsq3VW2CAsx8TTjh7Sf6oi
17,1.2,3465,https://alpha.art/t/47S2Vt9NSWyjacZiAJQdCFno1dpXTFcqoeU9cxHXfVrS
20,1.25,4288,https://magiceden.io/item-details/8LjWqdi84uABkC5W78xscpxU9h7fGV81z2fSiB9fFja
25,0.9,5342,https://magiceden.io/item-details/GEzeYBEpESPXfGSzV8wghtgGY7qq5qWAk3gzUDV4o6GW
47,1.5,2569,https://magiceden.io/item-details/8MCDxj67B5z6SX9rrarZ4ijLT7npLB1N9Vg61kARVT3D
59,4,1964,https://magiceden.io/item-details/CJrU6rZeCLfdYbtuaTYmFUh6c7iXaFa3D5ZKm3Pz5wEf
64,1.8,4059,https://magiceden.io/item-details/Cg63ewSrgYSK8ht9yzkPqVTgmEYBizwSeeS91WQJN3Sw
92,2.5,1348,https://alpha.art/t/HVW8GJgt4jsT7RpMmjmvZZCVggdaWQb37h3SDYkvonpv
93,2,1726,https://magiceden.io/item-details/33gCfaYV9CcadoHMFieVCuykwcp28Bvnm4CywKrVUPSN
102,2.99,855,https://magiceden.io/item-details/2XF2uLXTtUyTAhrkb2Kiu3C2X82tuZ8G4zN15ZsT9bjg
123,10,90,https://magiceden.io/item-details/7BrYBkJe5U4KCwmMQxMDfHwvyPyjv8qmjqw9BXknMsSG
127,1.48,3513,https://magiceden.io/item-details/9JuDRpUFAbTJU5mxhio79aHTXtx3PuQXuCQQaVPo4YZ
135,1.48,4717,https://magiceden.io/item-details/8MAeKxMQosNuforSgtDL4oQJHMYJmw79x1cMGdXWza56
152,1.98,1327,https://magiceden.io/item-details/Gi1uqQxgPZp1bDMwdeuzcHEnPXNwSALMcPEvUUbUyCdj
173,1.98,919,https://magiceden.io/item-details/92cvbKZ9C8rdJ6iZiDUZho7THk4sBz3Ds7MBnVEQhftG
196,4,4482,https://magiceden.io/item-details/4R5vWYvx49nvfaLR53RmbbLAwMk8tQb68i3FisWJrLZ1
211,8,325,https://magiceden.io/item-details/7uJvPLKqaEe5uGV2ErSDW49ddCuxkmJ3NveeEYJ1RP2N
218,2,2826,https://magiceden.io/item-details/67qGVY3Do7e1g1J5244HU3fh1pvgnCo9uceCapJFrPCs
225,3,1520,https://magiceden.io/item-details/3RCLsyMPeXgvNpVSj2wwYzf43PAs6qECJwBXFDf8HnCQ
240,2.5,816,https://magiceden.io/item-details/9B11tkEQ6TyTdNvxe569RMg5tuxRBpY1xhfqLZCip9gs
244,1.39,3833,https://magiceden.io/item-details/42noS6z8wxWyEq3aJEhTLCTBHTvDPQgT7d6reoC42Zi5
272,6.99,439,https://magiceden.io/item-details/BJ3MkneYwv2592MgcqqrmrVnENNQjv56MB4SsK7qi13X
278,1.5,2129,https://magiceden.io/item-details/3uCb9KAeCgjzBwmAHQaE5H9DBBeGxpLcNvpvZRsMJUeF
301,1.85,534,https://magiceden.io/item-details/9r4mkB32eRb5ggBe6YdEvf7CeStynAFQXCJJFLX4V4xq
313,3.2,4160,https://magiceden.io/item-details/HpLtiB1YNBaKb76s3N8H3rXu75xHZxNK37GkTGzCjh3F
353,1.1,4994,https://magiceden.io/item-details/8fwuNbEurcNV284yU2YnwrUWA5jTe2JmVXrPp8trXsB5
355,1.5,778,https://magiceden.io/item-details/9KNYY8pJbcDNJtPonVwXuATghXbzVZ2CEoXDK4VUsuuy
371,0.99,5236,https://magiceden.io/item-details/Bb76njG3sZRDTL6JxjWLCBU2Ztf3XY4cDRH9bNE7TmkM
376,15,192,https://magiceden.io/item-details/ASZp1XAtqHNFzqKiFhxrCjfTPnQk9tLSpPx67XihNVNW
388,1.06,5165,https://alpha.art/t/BaApqSC3tCjFqbYxDUG5kRp1hGf3GxqjGCkzYi36QNQY
397,20,2047,https://magiceden.io/item-details/4i9TwpAVDPVC3qVGAK7sdvdRpMDdNBhkwAVcpySSuyDN
428,5,1580,https://magiceden.io/item-details/7rWkb74s2eQdyEDUZSsdyeEio1e3U1hQtftTvokstwFD
431,6.5,912,https://magiceden.io/item-details/EGrLcLSgpUpYaPMW29cvJYjtCMiFL9WTqRqDwv3bea6B
453,4.5,428,https://magiceden.io/item-details/7P5os9wWPSh1yvKpzefeqxj9WQMPk8TLHYBnE7ssjWDo
454,0.94,4881,https://magiceden.io/item-details/FGfbqxLCy2nbahLtS3SSGLkX2pvhNquuTpJZCQY7anLE
465,1.3,2963,https://magiceden.io/item-details/FBoLhpPqe5ZXhUeT9QCaPxR8sJZSHbfZskspkrdt4B5Z
473,2.5,733,https://magiceden.io/item-details/Fy661ZqmcmT4DKKGv6p66kXLTEGz2N6ucHHU8Xm6oofz
500,1.4,4056,https://magiceden.io/item-details/EtY9Wq6Tc76FPuKtvWvLzRvAWR4pU7EGUWTTMck8eAs3
515,3,609,https://magiceden.io/item-details/B14NG39STuUjZYaQrZBsr7RodZgENpJmwwQ5eXvwcgTy
517,2.6,270,https://magiceden.io/item-details/3ZqkePh39fx84EFh94aHuFAVYDNvKEpJYsDFmryqwtHG
537,1.77777777,3286,https://magiceden.io/item-details/5so3NosdidpFtpZRR7y9kwjhBD1nTd2qe7rL42kV2DSR
545,25,206,https://magiceden.io/item-details/3QbT61u9BJ4g515hsey9KurZ72P7x5SPRXqfhAR9nB2j
558,1.7,5146,https://alpha.art/t/8csG6f2sU291Nb9oirCx8mKkWxAF75mZ2bQxzpWiv8r9
623,99,1907,https://magiceden.io/item-details/82GQGu9mSabNbWU5fwmcApFRLEYeDCAtWnG5VVQDBfHz
624,1.7,2188,https://magiceden.io/item-details/EwTSG1GsARujKSGFBTj2j9aE2yjcEnggbZYpUVCCBspf
636,5,717,https://magiceden.io/item-details/5gCxQYy2UgGHjSod7LYdDc5EUViodWZrPG8HUAqrH6tB
644,7.5,2444,https://magiceden.io/item-details/2pjhRgrPURA5TmXtz3doEKkXnGAcG9C2TaeETU1Tw5Rf
650,1.9,2687,https://magiceden.io/item-details/A4Y9Y2hzVgfKZYJ7DCrcFXcW8mSn32RAhxyLvMw8jydo
652,1.6,3695,https://magiceden.io/item-details/F7a3VWMxPp14xFhfYGjUXFCim72U514CB9HHVa73X8Co
727,1,3886,https://magiceden.io/item-details/4Nw9Mz4SUm78HnAjnFViVpBXfaHY5hjvnp6GmN9D6tuJ
730,6,309,https://magiceden.io/item-details/J1azfRthqvSJJ2um1C52GNRE4667pbB8tGD1152htRbe
740,1.46789999,2664,https://magiceden.io/item-details/ghFgFeYCJaMrvRLArU7VhtYUCNKhxXJQhPxqzv4PUxz
759,1.39,3637,https://magiceden.io/item-details/5bRTy9UJ4VxoCE6zMnuUAgfFf9dUbRSXvo8MJYtpypA2
769,5,2822,https://magiceden.io/item-details/G6863kPFcd4nWMNxavTfdZBYJyhm8iAEmL9rH8i9Rudr
814,1.5,4950,https://magiceden.io/item-details/AtoCYnmGvf2rW9c2Wh1MZxjE3tpEBFP7PhCmPRAixPiy
818,20,850,https://magiceden.io/item-details/9QyvZ8fcbgVComG3xKDEuwggfbSXyUMv8MFeSK1sNYa7
822,1.1,5172,https://magiceden.io/item-details/42qtX7z1pT5NTycpwrKVrXG14JJyvkqyqCGH9W69THMN
828,1.5,3723,https://magiceden.io/item-details/2FcRQokntBLeJvGZMHdvPAzWu9rSBsGBk9r5UHXnXpeY
834,1.2,2774,https://magiceden.io/item-details/3SveTgcGiUP4AVTYfgSxCtXUsvSoaAfrFzDfR9LhEKTz
851,1.75,248,https://magiceden.io/item-details/BM496iQ1szR6z6oHtyeUe88eq8RbJ4EHG7A3ihEqYgq3
871,2,937,https://magiceden.io/item-details/62wj3FbAMDLRuA64nx2Jc5VitNeKhZruSDLg4pVpKzSn
878,5.5,739,https://magiceden.io/item-details/BtvtT38HoYrbexmjVCTwSn2vx6pc4Di2Ajiz7jXmzNio
881,2.42,209,https://magiceden.io/item-details/8rTNiEUCieTfKVnKVanhmPwGiiJXzp96jLGMsHg1P2SE
900,4.99,356,https://magiceden.io/item-details/2pB5iZt2ei5AMHxhHmpaD7vuFq3nQCXfB7Tmhp4mneoT
913,1.8,1459,https://magiceden.io/item-details/So8ZXKunwxxDM62f5BhqBEdZSSEcSfW5mquEQ7swnRP
915,2,241,https://magiceden.io/item-details/D88JAAhiiUQg8paUMhAEvubiSCyBh1G2byufHVJXWYGW
919,2.5,530,https://magiceden.io/item-details/5fgN573RGCAqep5bSyuptcMkCKSZsyBK651khd2zyXMp
921,1.35,1727,https://magiceden.io/item-details/9AvtQiYYps7yhUSDcXp52ZL9tLgoP1VZmLXqSi7zeaZu
923,1,3788,https://magiceden.io/item-details/9YUVSYcuGhwzTcKK7ZoDkjBma3oq7iiPQSxtHraqtMZz
941,2,1143,https://alpha.art/t/3mfEtPvMLYUnVLw1uQaGd5DUJ1fy7bZ3K62aH6t1y6dD
944,1.5,1280,https://magiceden.io/item-details/3qNC9Wx12oCUPrYRYusCgJsEiu1iRhxC9bqKhTGAYW2K
945,1.5,2087,https://magiceden.io/item-details/HWZvnZ1jPUQhu2r5rzpS7gAXBWkWs8biQ8fmF8hTWzUg
960,0.98,2206,https://alpha.art/t/9hk4k8crMjVM6BFSbjVt5eNkVQedH5fyGTWWLWKG9XcM
972,2.3,2719,https://magiceden.io/item-details/CDVQ9Qh6jP21b787EWHKynpgCwd7hXGCf8sBSTMXSUZW
1007,1.99,663,https://magiceden.io/item-details/D4PkpjRyGG8Rz9aCfPEXbx6GG9SNfMiyUWeSW3ZH8gb5
1045,1.1,4391,https://magiceden.io/item-details/HQYQfzMrk3i5FxjzBQQCQwGTsi7FRoYtvxS9LYLyQ4iK
1052,42.69,159,https://magiceden.io/item-details/CG6Pqs9ojWBcY81GJJJq4fdxnVFYpqLqUzJnUqWXjg2j
1086,1.42,2570,https://magiceden.io/item-details/96NF4gGGr29L27RTKLWfp6MsxBNerAznBZrSXW68e1M5
1087,1.8,3718,https://magiceden.io/item-details/ExD8iqNaY1vMyVqs3avBzJhLpgz7jNusgZC4TfkQjxRu
1104,1.29,3552,https://magiceden.io/item-details/6s3itfw2iAgorzeT5DeaVTx5JxwWUFp5njZFkPWnR6sL
1107,1.7,1665,https://magiceden.io/item-details/GBPy8Z6kKtEJwTf8HevoMgHQcR49sDpBapjuccfE6K4A
1113,3.5,46,https://magiceden.io/item-details/Ag9EWEHUGyBF7x1Kubhv5KPyvCJSLrtadG8L2hni188F
1144,1,4585,https://magiceden.io/item-details/5UaJ4LQAHEZZKxEr3G3gzXj4yzQg96ZgnAt9TwqvPHr8
1146,2.5,1829,https://magiceden.io/item-details/2xAmyZiRauPojeexGMrodvuMGJiQDxV9JP9VbMPGkxdE
1154,3,821,https://magiceden.io/item-details/DXg7ya8TW5NhKwxdpEWMxEwHscTQxeM3w9tzD1pPdZcn
1168,8,713,https://magiceden.io/item-details/CYLG52i2fh8fJyWJsvdyjzrqEpkjkvR8PBiVPUKovth4
1171,5,897,https://magiceden.io/item-details/7kSWnEsM5UUVPvqpfHEuDgWEJzHT8B9wU7Jf27kLvRQM
1179,20,2589,https://magiceden.io/item-details/68SetT5ctJ4v6scYHKw1B5f64YePGgn2o8Y158CXEB1R
1197,1.1,5355,https://magiceden.io/item-details/FhR3sND3xUonFtWkagStJP1UG1fyauMGjudufbptvynQ
1199,1.69,4387,https://magiceden.io/item-details/5RuNxfAjg3ym7yTyy6i93UcjVJH5VtP5YLGmMJPZb3Ts
1208,4.69,561,https://magiceden.io/item-details/Fn5qbDi6jHsyoAYDNDUgkHy1o46qzZgDozmgNauaZG27
1212,1.99,3344,https://magiceden.io/item-details/BVQgRnyxEfvsXg1bYG8JUZUrQQKxBBtBCY1qSjwcwRFT
1215,1.35,2517,https://magiceden.io/item-details/3j2k51pmxTccV2ymU8xxzoahRb173nW22KUfB8dfhpPg
1217,4.1,984,https://magiceden.io/item-details/CaMNEJexSKqFo3eZN1ucK9gKNg27X68k716kY2SzMt46
1231,2.9,4301,https://magiceden.io/item-details/8gddM7gFk8G15XjnNWEyk5q9TMBZq9ie3uf1BJ8fwBU
1238,1.5,1175,https://magiceden.io/item-details/6Xfe5pQb2Fg2uo4yf14PCT11HXT64UUgBJi63kDWrJA1
1242,1.1,4265,https://alpha.art/t/EsR7b5KLxfKXZXNxpKwyEHCVgdfR1NK4Wa56Btt6et9c
1254,0.94,3609,https://magiceden.io/item-details/GxX5N3SmhtBkHHWrJUriYdVvQMcthpPFF2UPGKL2XjT6
1261,5,128,https://magiceden.io/item-details/CfDpi27TKHJ58MaZBXqfGTE7hY3E7UjriXKLDzz7n7Nn
1262,1.5,1732,https://magiceden.io/item-details/3hGeeDZUeZUj2pzWpEY5AeVoi2nvWTBJqMVTnPTwfbj8
1266,3.7,1833,https://magiceden.io/item-details/GNj3D4QEDamiQ5GVca9Qsf4UU9Ajr2AS7dXNsMp1k4J9
1267,1.3789999,1533,https://magiceden.io/item-details/BmnS1hfgndwJuSALqFCtp2fD34FKRp7k32JfU69YrR1R
1271,4.9,2657,https://magiceden.io/item-details/7vJ1pj1ddXzXRUKM2PG9rHF4NTd5udWECGYNqx1uDGGv
1282,1,5224,https://magiceden.io/item-details/2uvk1DhzR8ZAKswFrUvxGPu6F4TPs61YJ5Yra2ygmwTS
1299,3,1338,https://magiceden.io/item-details/FwLNZwhN6V46SxzjrNA3fsS2cz2oqkmqtfrpAyPEqKa6
1304,2.5,1880,https://magiceden.io/item-details/BiVNNKZQF6zxmp3sbiiyvXTd9wEg6KqgGymawPhy8uix
1315,1,1913,https://magiceden.io/item-details/pKnYFs7iEs23DarZ1BFWT27z5gMuSFH9zMpHbceYBEW
1317,0.92,4740,https://magiceden.io/item-details/HVLrz5cnD18WN3QHU6V5QQnH3A2dkQrxxsBHe4DCuXqQ
1327,1,5325,https://magiceden.io/item-details/CYMGZGTJmCH7WVkLhu6BGXTD3Sjg6C9EbxKNqyBYCPuf
1336,1.55,2375,https://magiceden.io/item-details/B6CdUvgf3RCqsdcdtrsVWbzBEDcoMpdiPBxLtXX54ixk
1355,1.4,4674,https://magiceden.io/item-details/6g6MRccLLEaczy1sDtTQJCKn1AfMtwVnsMNkgEteQ8x
1361,7,141,https://magiceden.io/item-details/7F3Ka78LXy94uaqKWVtBkZPqwaRzXWYkF8UkUfPK2Xgv
1367,1.3,4223,https://magiceden.io/item-details/BMQWuc2C51caMFQxuMTWLqq81pb8q7GCikRe3Nu7RjnF
1373,1.88,3065,https://magiceden.io/item-details/2tuJUguu6A2odqNxwsh7QZexH3qBkmTYXRWroQWtExLJ
1378,1,2638,https://magiceden.io/item-details/AyCpeCmULB7EiXEKRAtHxenRhYD6hondepWGy3BoCDsQ
1381,1.6,1541,https://magiceden.io/item-details/FVMep6UPxKTkHikcYrbRvb7DDuKtmsWTHmYu7mDk34og
1396,2.5,183,https://magiceden.io/item-details/HRype7Bp3mZffAqH6a6g88kBdA1KwRbQncBmUPfe9JSG
1427,4.5,185,https://magiceden.io/item-details/GLxxTXXDJ36WxaFDdpPjLJMFJZNbxWVHoEbwyfMRJkhf
1438,1.2,1135,https://magiceden.io/item-details/BJgmB2LZCR3X1jgxRb8XmuN9NuyNWeeBvHmntsPnWUcE
1452,2.47,4969,https://magiceden.io/item-details/Ho5KvaX6RGYt67EZqzD38kd2G9d1FSRoS52txsxd1Tx2
1470,1.4,4619,https://magiceden.io/item-details/49Yq2gYd7SFPNHHeUe6EcorSxzHpSbzVR4LDEbXmEJRH
1482,2.3,370,https://magiceden.io/item-details/DC84D5VLsnUhw3xBivuhrzwP8iZycEzvcoRYtXduRCVc
1503,1.5,4429,https://magiceden.io/item-details/BoT8YneNofFgqpXhQ5PUtY8a5UjwAPyXdrgwqNCeMkmA
1512,2.969,1699,https://magiceden.io/item-details/7uxYpdyeE8JKWk2H5fQun4ma4KoY9eezgdNDeWBEa6Ch
1519,1.54,3952,https://magiceden.io/item-details/GP1RyAX7zPuPLxyDkcpYtdSJkxLKdtXFK59HJYHB1qmF
1520,1.6,633,https://magiceden.io/item-details/FP3spb5E8UTBCvtaatmU57RrhPEKj8E9FWbzEhBac1r8
1527,20,2869,https://magiceden.io/item-details/DUwiPHZhPo8XQrfd3rJvaLbFMKD5YnyuwtKXgjhS4GwV
1544,3,1687,https://magiceden.io/item-details/9fjqrRMNJAUjE5hT9kv5sL3Nu4TsEmqGLAPrQVY2pyoP
1545,0.93,1500,https://magiceden.io/item-details/EjT2GZkNBaCn1G8NzbynGBjviyvqVeVFuQMokwhDwM2Q
1575,0.93,4588,https://magiceden.io/item-details/55AioQzo6sxUTzHq6qJ82cdah5uPVYr7TWWLCRhinQrv
1576,7,586,https://magiceden.io/item-details/5JvkkioukPLkpMGtQSBPFa4rpaEDq7Rv4KPqw8EHrvrC
1587,2,1755,https://magiceden.io/item-details/29LMi2FB2Jvt3NYwzjLYqAUFqK7HQRR4MhkyKhRDZhxy
1599,1.75,3194,https://magiceden.io/item-details/GodDGFsVRcu3BYsyyC8ayhS2LUhRRp1dDhNELQyHbnqp
1623,4.5,109,https://magiceden.io/item-details/ERTB1Bw6PXTUoyHUnBGbkZao5xApf3pzLVXtXgHBtxdJ
1630,1.47,4020,https://alpha.art/t/6QjhVMPSgUCwBcXcj7mMvmApVUoSMBFqFUDqh59X8N4s
1631,2,4118,https://magiceden.io/item-details/9KoZxpiSSANrNNgWdAUU7MSTtEiWGM614sgDShCFS6bZ
1633,1.45,2886,https://magiceden.io/item-details/AXrTjiBpKacV1xX9oD2pHrzXGnmCTqySBjJs6VwhBZSg
1636,1.66,1777,https://magiceden.io/item-details/D4M3CdeHsBigc9sMPNUPdgDUSXaUpURDBgwkk9dk6j5C
1645,2.5,1285,https://magiceden.io/item-details/4mVv3XGkNGNHmbDzro1madhaUHUWYKLY5PMaHw3Fb13Y
1656,1.1,2377,https://magiceden.io/item-details/EJBhCJBbP5QHJPSAfNuFWBhfXckmTVMWfDCQ2VfgcckP
1661,2.2,540,https://alpha.art/t/FZcuF6wbN24ZzmapT5L164cDorMJzJUS8RJmeq2XGLou
1668,2.73,4352,https://magiceden.io/item-details/JE7R4V8NgYPFjxtcYQhXrJArzKwMU6cpehjJCXwzkYfD
1670,2.4,3321,https://magiceden.io/item-details/2GAematWpvsUuDAG8YDSKe1vLCpeKjz1kDJ9An11Cky7
1677,5,293,https://magiceden.io/item-details/FMwpkuwcBRnRJxxMnPxzttF3RE1fUp6oDgij4TFhcp5s
1683,4.269,734,https://magiceden.io/item-details/51wWafpxMjAVy31Kk9DN362fbqmzzgY4Fp32Yo7eJ2U9
1693,1.2,3331,https://magiceden.io/item-details/ym2CYE7azh7qF4fUg8BtW6frxYuivr5uYErhaoZ1doU
1697,1.1,2565,https://alpha.art/t/HDADqdfsRHhBkXAUK4UpxQ48rAh7dgk6827DHCooCfgN
1706,4.69,636,https://magiceden.io/item-details/BnvXtKQkcVx8QMWnaquvmZqfVxUmhiVGp7CvJizB8Zjh
1718,1,4539,https://magiceden.io/item-details/E5My6j7AxvrCiBSBZyZKvC8FDddggF2EF1YCGwXqPuyn
1733,2.2,3086,https://magiceden.io/item-details/78H863dtUeBDMu6CexFBXsh8KjNJDJnwnS4GokouQbuZ
1771,3,205,https://magiceden.io/item-details/Es5TfPp9SixMuBKqbRe9XKqrHGnxsBuepEdSyyv1DxGU
1773,10.42069,276,https://magiceden.io/item-details/3JoazVth2Jg7fFD5unAhXnCzBocFFHd15qTKsTzie2o4
1774,25,308,https://magiceden.io/item-details/GmYf2fjnkpoKnuvXRbC3AHBDMSnXx2KWka42AGe2xa3C
1783,1,5486,https://magiceden.io/item-details/8GsieiXXS8PULbo1jTLQA6cYKsy6FNZYP2DtdEWg9D1r
1785,69,378,https://magiceden.io/item-details/HGXLQsB4GmTTcKSaaMBDi66JUhBmdpTrcotgd96EtJjx
1821,1,4071,https://magiceden.io/item-details/4hWjr7xAzWw9WPxigr4S6UbBcf1uihvTRDPD3NCDoqNb
1824,1.49,3027,https://magiceden.io/item-details/3FKYTWuoTDvS6wFYxKZrkpohzcjacR3T8BcPrJG5Diy4
1847,5,3260,https://magiceden.io/item-details/AAUjfce79o978cGJBecffQ4Gdiax1WvQotf1xmANiMou
1848,9.69,64,https://magiceden.io/item-details/EZYvogtmb17hguVJv4WpQXFyXNiuHGPMB5DBSwJJuJL3
1858,4.5,236,https://magiceden.io/item-details/H7YJs7uqW679YcRaixwkcXRGGmBjZQasiZoHDKNCFcnp
1900,1.25,1315,https://magiceden.io/item-details/DH5ht7u7jPk5HbberkyRkq1MxjztJvZQqRHda54j2Hcb
1906,3.33,513,https://alpha.art/t/5gSsZvVGv7X19CGphWwuMokFrrBi3qZ9xjdLhZE7rfS6
1946,2,1302,https://magiceden.io/item-details/2MCqrJWkY3ZNXSbBjkKg5qrYzm7FezBT3RMyksradouz
1953,5,432,https://magiceden.io/item-details/8goBcW1jAALQ3P7uktqZukToZtvCikXz1gyZexNosZaW
1974,0.93,4683,https://magiceden.io/item-details/2gszQN4DZikneDScxnsUpki2DpDFGkmB1zHAXk8gaFYu
1979,1.8,1326,https://magiceden.io/item-details/8w9RNw7tTPefhow6FNAEmjjr1wCLi7u4NunMwAjQwBQT
1982,6,1420,https://magiceden.io/item-details/6wDFHz5SuqRwszTmzmHGLPxBiGjd4sqyAQwKaxFhcRLH
1991,1.35,2054,https://magiceden.io/item-details/A9NWv6t54r8nDbqk7VspKaaEsXtWff1QYnv9WcHubFD6
1996,1.75,2613,https://magiceden.io/item-details/31swt9boKdYH6zVkRicLY9vK48UXBUhSHYjwdYzmAKUz
2001,1.48,3645,https://magiceden.io/item-details/7xxFtXfJQYo9dME8zTRfdNAjFk1VN7UrayTAFEoadQ36
2002,3.5,1761,https://magiceden.io/item-details/EhndMpFxcRuUhawpnphpvtV31oCrUUKH5RfgpMhjCExz
2014,1.48,4076,https://magiceden.io/item-details/FD8dBMWjXYYSVqq4GkhLCqB4arTbt8VMSpNHahuVUxqK
2018,10,1902,https://magiceden.io/item-details/5DCQCqK12txQKYZdabYfu3pR3xWLKq3gX4waMWySbgYU
2025,1.5,1536,https://magiceden.io/item-details/Aj2YtCHpm2at3P2XXBgGAgPccmnsCHa26m3fkfAJZJA5
2029,2.85,1592,https://magiceden.io/item-details/AbzM49n2NtecDsLxdBpEBD2fbGpbNM4BBdPAdUfrQWFX
2032,0.9,2941,https://magiceden.io/item-details/5Y71b5w8YqDDcvDf2czyX5cC7fw8MYKmALwALqCTH4JK
2049,1,964,https://magiceden.io/item-details/BuAYnWgWw6fFCYoMGTQbLFZErV3ZFt3e3HKMPNtHhwrc
2076,1.35,5222,https://magiceden.io/item-details/CYBAtu5JW4NcLf26pVFhGqJeyYtc9CSWr3p6cMDVnRvF
2096,2.5,1254,https://magiceden.io/item-details/D3efsDCS9t2E6C6hGptf9t4G1becJjxckqzWMmNJ7REo
2113,8,139,https://magiceden.io/item-details/2jFEGXeSSU92zJGhKvLogGxS7dbHVEpZA3CkU3yx5FGc
2115,1.5,2303,https://magiceden.io/item-details/DKuTCYAHMwojyEAjkjJ9Em6CWQ8Vsq4mewerwzKwYCKH
2122,1.5,2103,https://magiceden.io/item-details/6Kdg2MXTKcnwq3hrchMf183YVUt7vMWcToaNpAoQLNeH
2130,3,743,https://magiceden.io/item-details/62J8yhPNQJFNUMnJerotz9Xh3TLi3XZ8dnir561W2yiY
2135,2.5,1523,https://magiceden.io/item-details/42nkzkihn5vrKdkbbvriVg1LbwcPC77g3d8s2Yrq9gYf
2144,1,3216,https://magiceden.io/item-details/G58QH85Uymh8d1Jmq6aYeRgEhCnsSNQKEHxrA3jrycY6
2160,2.5,3320,https://magiceden.io/item-details/AEnNRpSbrRtXBc6ApDiFZrBbQt541iCw43StezUnMkFG
2170,2.6942,1915,https://magiceden.io/item-details/98HVbioCte9AVN7SeGJGgReJUBZ5kXBQJNSmnn31D9rZ
2177,10,343,https://magiceden.io/item-details/6Kq4bG87YXNRzPDD8kw7SZuNDuHFG1KX2poqS3RMgrfc
2212,1.45,1290,https://magiceden.io/item-details/3tCfNKbrT9GPzfH4zL6AG6gCBmn2Ag9hT8uDdsmYvHHY
2221,5,2197,https://magiceden.io/item-details/BcC3hAd37okvRSqniB3B5Yk21DzAGmABPt2m3vQJ4zNq
2223,30,841,https://magiceden.io/item-details/CXtcze3PnU388irMUKGzQ3XQeUAuNvVNtKFnRZMxFcqQ
2236,50.69,19,https://magiceden.io/item-details/3tB5NWdRXYtdvF88EmrKrM2pMELv19Tf7QXevc8fd5ut
2279,2.4,3455,https://magiceden.io/item-details/9zLb4CeMiJvshF6ZZ7coweHr3HRLUiuXsKdX17f9sFxn
2284,0.93,3362,https://magiceden.io/item-details/Ej2cVeZh1m72F5AA29zE5mcfbrFQDaJYyhLwAxXmVc9h
2299,1.05,2944,https://magiceden.io/item-details/AuVvw5gK9x2yzn2G7FpwGxnecgfga7wzk8G7JenJhCcx
2300,1.34,3802,https://magiceden.io/item-details/F8YtyfHaabNeaVYXjzd8CE5PHTF5QZZDL3u1b63Ru6oB
2314,1.5679,1607,https://magiceden.io/item-details/BK5uPVCVp16yjAUyYT7s8Gsrrdc2qvE5jZrSKqjAa4Qv
2331,4,108,https://magiceden.io/item-details/5tQNFZdNcXyxdvj79XVtS3KwK6jSLujjxAQQCLKg94n1
2340,1.65,4541,https://magiceden.io/item-details/5sBiddaQyp6JuJxz9YwiPKKhpgM5GX3gFZCUoFfUdShK
2362,1.8,1332,https://magiceden.io/item-details/71cC5638kZqJscDwWsTkst7Qmaj44zcT2dyNojxeZTyA
2371,2.19,2633,https://magiceden.io/item-details/FKUEgykGN12tGtVjqG8ekwNwdazPgfLXoprTMtLf3LrZ
2372,100,3,https://alpha.art/t/BsJu5Ft7n9BWn58Yz3m6hDkDmcN6ksrJuFDxZzdpCYx3
2375,5,1838,https://magiceden.io/item-details/6WsG1VZgncahER8ZGJvw6RFsXqjRjKmtUHYUXZb7zzaN
2398,1.799,59,https://magiceden.io/item-details/7tg1Hf3ohPJV2C5BwxuUuo4CvZmcgoZf56j89ZhrwJQS
2400,0.93,5200,https://magiceden.io/item-details/Fi9QmRUuSaFpzfNW9fDvPChAP22nPfmBqapir8z2qxQ2
2417,4.5,614,https://magiceden.io/item-details/9tsrk99MP66ESrAgoUkXSreijLL6kedRAoX9E5XsbgYk
2421,1.22,2403,https://magiceden.io/item-details/6Y3hXjz88Ene77M1aDJQVgrNxck7GY5taKmtQwxzmEzQ
2442,3.5,1031,https://magiceden.io/item-details/Hz2QNGWw6hoQCdb3gCYEzhECZki4D27nuGzLNVjrLv3Q
2461,20,1610,https://magiceden.io/item-details/7s9fhT7gtKFmpRBShJ8a1F3nLTGzYSNBLojWDwiy4iV2
2508,5,1422,https://magiceden.io/item-details/GffAcJAYrj6sm2eUZuZhnLUc2fwnoxSRkGWaUSpq57hm
2528,4.5,4554,https://magiceden.io/item-details/7bR1gvGsBUPLfMCMFoA2u6B2iqn3RNaB3JxyJtWHHpHF
2535,0.98,1749,https://magiceden.io/item-details/AqpWdSJtiNLTKmMjDmWHcdVnYGX1tr1mTxYUdwcU9pZd
2562,1.3,3940,https://alpha.art/t/ANtacD48Lgxp5XjrRXHB3QXWwam8KkJaXUkLg81e9QUS
2581,1.2,4507,https://alpha.art/t/ZwUGciPEHXpGgzVPUUNMPbPFBWmZQci9qpF91PYpGEP
2590,12,1047,https://magiceden.io/item-details/5dneGUB5nXHP2Xzd5WEYWPpgqosmNEjRjkipim1D9UUn
2592,18,211,https://magiceden.io/item-details/C8AKASSVZYTmnjGwdP7MVoRETD6N9JxpzxiFbndVgNRp
2626,1.4,3562,https://magiceden.io/item-details/DfKBeJo2hCgZeqTedW37grMN5MY3pi1L2e5qmz7XzWFf
2633,77,182,https://magiceden.io/item-details/DcVvsR5eToAcP9wwq5dsSuBbv9RGeWjrdAMCTk9qjyfN
2640,1.99,2867,https://magiceden.io/item-details/3e44s5qAakjzmGwHKjMgyizanFEozPw4CqwZPnkzUcae
2662,3,1906,https://magiceden.io/item-details/5oDkn45pxmPGENPnecgHJmYaioRsbSrRV6g8ZeYbkb8A
2683,1.8,1052,https://magiceden.io/item-details/AWrQYQ8Rp3U1jfVTi8dPjaFY6ASwKJksYW7pxCqJJqwX
2684,0.93,5259,https://magiceden.io/item-details/U7Dd4ZLEDqvvfKwJj6VQfr4iCemDm27RdGkQKYF9P4g
2688,3,4596,https://magiceden.io/item-details/AnpKHJyFomsELJk88NSthSBAextrKnn8H9EPyfmmiMcH
2695,1.35,2449,https://magiceden.io/item-details/PPJgYNegEUehYjSPkTEz4BDGojjfbFEA1r5YhuLSRNn
2704,2.45,531,https://magiceden.io/item-details/CPehdsbtHkitmxncVqV4uJt8BnbfafNP3aoaRMeLGFfi
2717,15,4046,https://magiceden.io/item-details/5VW9gYmZWbLbf4VwxiNfUwdLWM5UVYHggLnDnkPd3jMS
2722,1.95,808,https://magiceden.io/item-details/VPnShimkb1ctf2BC7wksitfs7QXBcbGn95WDE5fK9oi
2743,0.93,3311,https://magiceden.io/item-details/3ihyYzBDRt3SDShrNKuuaZ4UCMdnsv98VoQkBtzCC4aa
2757,1.5,2353,https://magiceden.io/item-details/8NiypugE4okGVhEZwzrShF3q1mfD76d62d3QCTqFMmCm
2761,3.5,618,https://magiceden.io/item-details/ENup8HNxY4gHZFrjxjgyR3oM4XUqPTXGXfnjaPCVEg5w
2764,1.25,4853,https://magiceden.io/item-details/7kLASDihzRaZ1CZAzp3B2N2MFwGTzhpAnCg9qyyNazQ7
2783,3,617,https://magiceden.io/item-details/D7uYmD5roSMQ5KTkz2aGs47tAFkjV1gBR5NEukrDbh1k
2819,1.5,3527,https://magiceden.io/item-details/7xjwpgcKttfXxbhstwQXAGSwmFTA34S4rMXSxMdYvtKk
2821,1.5,3442,https://magiceden.io/item-details/BZsWH2WSKM1UhL6MWU8QJFpA43gZVsPgJLxeT3GfaGzb
2827,1.19,4043,https://magiceden.io/item-details/Bv1rQ9ncSqXPduoJL9BA1q2CCnaioKpXL8aqjctRkD1m
2829,6,3704,https://magiceden.io/item-details/DwocSRn83sAyFwbEyaiPEMGgbpiSdhmvTLjpqGEmvWB4
2865,2.9,2420,https://magiceden.io/item-details/2r653zcEghkEVYRUVm8Mxg21z9N6pxFujEYwmGyxKWqG
2867,1.35,1273,https://magiceden.io/item-details/CoJkARxphERxySLZUu3gj59s89jiSZVSYYYXE3UFus4w
2892,3.5,1442,https://magiceden.io/item-details/7mbf1uHf7NGnk7BVrEeeipvLhDDt7PZT3M2SKpT5miRP
2898,1.4,2142,https://magiceden.io/item-details/6bzkZqDfmHs8BhXduawEyELQNQ4gkFth6D9BFxJCBGjs
2899,2.2,1604,https://magiceden.io/item-details/65jnmdunUQ6v5Lw4rASsG3QiCdnqp94YpALiHt2684XY
2909,1.2,5068,https://magiceden.io/item-details/9NiHf2yrx4mM5tNRyDkbDSDEdXBn1p1CAzdkPnbFqazN
2952,1.7,4751,https://magiceden.io/item-details/2UM4gYhXW1uhYsugDUCH2MHxD3WSgnjEbzTDV1JbZF1e
2972,1.1,4110,https://magiceden.io/item-details/7GSuUYEsrYVU6Y8sfibiakt2yEHSBJqeVxMKrTRnHpmX
2977,5.9,1879,https://magiceden.io/item-details/HymP5ytuqq8x14SPK8rmM1Uo5ieR65HXDW2zWCkqKLn1
3023,2,2404,https://magiceden.io/item-details/75eFga1qSKibh5tDyqTY7rQZmsF2xQPDhuPQ6zZ3o8xs
3036,1.2,1645,https://alpha.art/t/97rXTAGqjSypbYw85y9uLiLwQm6TMZDR22XoEbHn5njG
3040,1.25,1317,https://magiceden.io/item-details/4sLvnoXy4s6w6GSz5oXefEwCV37WJMUFoZWawAVGAxEg
3048,0.93,3089,https://magiceden.io/item-details/4RDrumYzHUGr5BrxV3xjvgNCGVtuZgBRfh3GFNaFSXAz
3057,4.2069,4916,https://magiceden.io/item-details/63yKJj9BTdNMwGVjJghhofTU2Sb4PrcYdCFo3owgHD9a
3100,1.8,1640,https://magiceden.io/item-details/tkFGf1R2T7wSXQoFGZFMZwXN5J9ZAZnn97LQfNh9Hqc
3102,5,1573,https://magiceden.io/item-details/BWY1sVMDSM6zEAXQJ4QrcyNbp5hb6LVWJafqau2ByH3a
3115,25,1850,https://magiceden.io/item-details/7n96ASDdD1qgpW9CtnjJ1u1DCnzgkUnemhVcqCCNrgNy
3134,1.98,506,https://magiceden.io/item-details/ChbRX4sDNxDmPK8Luz8NrAnKZ9Y2YDpxz4DkxDuNrxDK
3149,1.6,3072,https://magiceden.io/item-details/5z2D8Uah7DHe2mZSshk8mCodqGwjSNGStw1g2FURc4n6
3160,0.99,5461,https://magiceden.io/item-details/8YseA6xhMBuQRVuFc1HrycoPgezZxad25MmGDN6KCT2u
3163,14.69,1151,https://magiceden.io/item-details/FMnui9R5DAmt3ETPHXYzWTqNunpqdGKU9RcJoD83BE7Y
3176,2.35,1380,https://magiceden.io/item-details/8Vr7aXp2b9zv14Ex9kUJj4Xf8FrPUGiVpHrrTEY8rcy4
3194,2.25,1116,https://magiceden.io/item-details/5hE133DPUhhJm11NATGrG99esD6iKozkWQ7kfhUApuwR
3209,2.8,178,https://magiceden.io/item-details/BXmf74SnEMzS1Srk5ZZYp8JvCNaZdK5FZyJKq1x31jyp
3220,3.99,162,https://magiceden.io/item-details/97fs5Z1zrbd9r4NJVffP2xFgBzQBvAjwHTxPiCXopD7A
3227,1.1,4918,https://magiceden.io/item-details/HWHyFF8tgZvU74JkTcBEBCxAebSAsdjg5shoC9tjQFCM
3234,2.29,2486,https://magiceden.io/item-details/8xUYk7G18beJ1vzYiu4nVArkJ2MCEi615UDXbnTJZbpY
3241,1.25,1528,https://magiceden.io/item-details/2PSMqq2JTS5DmGNp7hZdqwB1VmqJr5CxLzqdSa72EoyD
3243,4,2125,https://magiceden.io/item-details/59udszHXXM7zFyAxho8zd5k1iEzpUt4eH2RX9fzWrsPp
3247,25,598,https://magiceden.io/item-details/EduPoFgbAeGCdazm2vsPXNQbgfziqJ5w2t2xYG8wkLTL
3252,4,2376,https://magiceden.io/item-details/Auu3BpuMbb6tbNYTxPzi6ukbGQHH6z3TTPugiuAVvyHC
3256,4.4,874,https://magiceden.io/item-details/DZ2FXvRfEqGN5g8ZEFpfhZDo9VXZ9A39nrWRqdU698Y4
3266,1,4617,https://magiceden.io/item-details/CAkWdnz267cfTUP44fAJtwxEQH1xhSA9iCTsKsJUeV3w
3273,2.8,583,https://magiceden.io/item-details/WZiytgdpu1S8JA77W82m5eioqdqRveaBvtLG1R7GqCV
3278,50,252,https://magiceden.io/item-details/FmkxotKUgz3rHgRsKkjf8RyWJLjUjbDTHv2ihvB7rMHJ
3293,7.5,75,https://magiceden.io/item-details/3ekp3219bPVChopP97sarLyRoRZQFim2p5tU8aVwyXyC
3312,20,2008,https://magiceden.io/item-details/HZsewk9x5YCzHhkDMXrC1ccEX5QW6XFR6pMhYNp9RqjS
3320,2.69,1343,https://magiceden.io/item-details/E4q7ywcKwcnCa8CfwSRKCG9R7VY254SFUca7wqXmH85p
3325,1.5,4586,https://magiceden.io/item-details/2m7PdJojTaLHUSVoX8VhTYSGmjoJLRdKGxV3QTQEjSb1
3328,20.2,2658,https://magiceden.io/item-details/H5po1ZAfhXKpVxTttdCT1T1WWJSKxenJhiSHrZ1zZfYD
3337,1.667,4442,https://magiceden.io/item-details/F2LBvo3kWfRkwszdygi3XFBzmb2uEY6o77dk7rT22Mcb
3350,1.69,2085,https://magiceden.io/item-details/7Liaa1hGDpJ8T2aD8pE1ofYU6cuzCNGXmY2MTSnfNHW5
3355,1,2817,https://magiceden.io/item-details/D5EnRSemYxR1UFKf145d8JUGEKAvCH8zHoKb9Knz3fSW
3356,9.99,1770,https://magiceden.io/item-details/FnEbdg3WDLDF4nYupRu5ZyCQiPUNfrMNb3GtMMtj5Mvd
3357,3,522,https://magiceden.io/item-details/AF1wdWYmQDcCPsUNkroEJM3vA6p7GS2nvoACGEahheUK
3369,6,2213,https://magiceden.io/item-details/CNxVEWM6pikdUSDxBjMmkhkw1mHtnbyX4zSnXsnHSmKK
3373,1.8,2322,https://magiceden.io/item-details/E11XHfAX4AP8NsdWkUj6f2NSFq8NWLkLpMUNVpRy7Dim
3388,15,26,https://magiceden.io/item-details/D6a5eBr4N2W83xzqfn5tgjmYgakVokKqF2aC56m4QEyy
3410,1,5235,https://magiceden.io/item-details/4JSpo4DN1Z8cvXVCaovnhkcbj2z3PxJzaTPCpwWB5uho
3415,1.05,1391,https://magiceden.io/item-details/Ehh1LwvtdoAiJ6h8XkA4hA6pLR4XtthoMXR4urQpNcCZ
3416,3.97,4532,https://magiceden.io/item-details/HRTo8K1EpFcn5aWnEsYwfFvC1eXuGxQ4VNtT2oaAdLqo
3434,5,2124,https://magiceden.io/item-details/6WXSfEonwsXb2MDTLgYxb5CrSw1uYLRuRrmevMD4sMYL
3435,1.15,1141,https://magiceden.io/item-details/24gRRZ6UQUrxsQpjNzdBrT25tTY4LhQTPE1R2BH7Exp6
3441,7,202,https://magiceden.io/item-details/FG56iqMC8WcVhk8ktYywqzkKVfjkfcd1SVCRdZSHeQWa
3512,1.2,3606,https://magiceden.io/item-details/9VjhL564fvXXgrR8WXygT3dR51CFGYDFbvbUWVRGzJfR
3531,1.99,4452,https://magiceden.io/item-details/BxNzGWNFyFxhXH8pgvmB8C2z3evXigeuorzSJrXCG6G2
3534,3,2620,https://magiceden.io/item-details/DXk7gJKkeNyirnDj8ZeZU3HjzRdLi3htdAp52G9JBKxv
3538,15,409,https://magiceden.io/item-details/47jtehi21swikdsWcSokg15ggLWJ65pVbJ4DhEUjAtss
3554,3,2787,https://magiceden.io/item-details/66p7DQsbRRcHR5sbEMfP5Y87bWZsiaRXKJwrHCuJuq6g
3555,4,3169,https://magiceden.io/item-details/2eKWpEkTt6LbcMdvJA4nv8U4aNsL7ZHrgkEse8aRS5vC
3562,3.69,4667,https://magiceden.io/item-details/ADGByX7hpBhJJryJ28753GBPwLzkcNh8Jr2q3PcDLXeL
3564,1.15,3687,https://magiceden.io/item-details/D575zdQBqFzUdBYoKUy6r1p3xPcqu4pvXQjKwrLobjTC
3572,2.999,4264,https://magiceden.io/item-details/Xp38RbbDg8boknEHMBTp7zVn3VFqacFccBTSStBJKu6
3577,1.9,4230,https://magiceden.io/item-details/DaLsrW3wXMJonSxomiMVnJip3hi2Csu3U4irQvsj4F8G
3591,10,1861,https://magiceden.io/item-details/4DMzKmEjNrd94mqc12eiiTPmABvZsVzCAor1MatpSUrF
3604,1.99,292,https://magiceden.io/item-details/76pWf6irp1hgsQ8wMnEnUBDSSg7aef6vQSyULQWETQqh
3609,3,4164,https://magiceden.io/item-details/Aa9JbKWEZsimsDnUWR1M7AQoH1jNKSHkstHXV1m6b1Bx
3642,8,339,https://magiceden.io/item-details/883CcVPpE2ixUFtp33sp2jphTn8ERuKwsGYNs8TUFEMG
3645,1.6,1447,https://alpha.art/t/3S2oDpGr4PorKdfaV8iL8gFLuCAHshM5uoCDe8ac1MPB
3647,15,217,https://magiceden.io/item-details/G9hXUszJ1RJA7YKc1c8UfQtjXM7t7LVdAdqgvWgkdywk
3648,0.91,5477,https://magiceden.io/item-details/A9JTahgHbkMvHSzjdWgsx89fEk9p2C2kFJgQfcBBhCh9
3656,2,5073,https://magiceden.io/item-details/FB42mXka5rbXgPKRFMF89Y86TwU1Fby6PFeLH9SAWcX4
3659,3.5,369,https://magiceden.io/item-details/8chpZ1xHzG5pxBrMaQGa8aCTv1BpXDRX5ZjeJPSwW37Q
3663,1.85,3059,https://magiceden.io/item-details/7PaHcyFyhw5aJXbinb7PHVtkXrXUwdLaqxRu6B8hB8m2
3682,3.99,1109,https://magiceden.io/item-details/5VYgogYm1SHENENRVPQE797dUdoURchs42XaTiVG4GUp
3724,3,3484,https://magiceden.io/item-details/DNqQsbxedi582UJnztxAXFDbw7g6VDEAYKtGSfkyXC9R
3740,1.765432,569,https://magiceden.io/item-details/AraKM1oPrUdUUbzgK4t84PKsDAvWJ767JP6WUKuNtaD4
3764,2.2,469,https://magiceden.io/item-details/DEqW6ufm1f4D3kzWSvStc7oam6AKXkqvkVM889o2ZbyA
3769,1.2,3593,https://magiceden.io/item-details/G3giMJKAmuQMgCZDELyRCQNG64f5xcDZ2NQHYwBCxaM3
3775,3.9,452,https://magiceden.io/item-details/6Pu9QujXxUoyfoBu6d73rcUeDpwaYbFDPpe5e1yK4oEz
3780,0.9,5232,https://magiceden.io/item-details/6ukTuiBtJVzeBmb2v8vZ9dYb4CPFqCjAhTHLDz1cvHN4
3785,1.2,5331,https://magiceden.io/item-details/k6aBE41ZjoS3piRrbQ6eoVc5jzTf8roSZD3RREVqH8Y
3786,9.4,366,https://magiceden.io/item-details/GCHxDE7Nqa6RATjtfymvVGLJMhm3VRok9iraJo8UkSwp
3824,1.5,2462,https://magiceden.io/item-details/DYfW46KdHzmaMripKDXGHucJLiJZiqCtZqgsTDNEfp7y
3830,13,2205,https://magiceden.io/item-details/2HDXoECDy8N9EsLUW48PFv1M8YgRVKsd2MLdm2TiKHEr
3843,4,55,https://magiceden.io/item-details/41dnN6kfmGXvwjQkfjxETRne3D3YA8zwqMcVctnsKj5A
3845,1.4,2893,https://magiceden.io/item-details/J1GjpdrgcBS2wqC3huS8pqSiteoaSLN8Bb6W3iYeuUw4
3847,4.8,332,https://magiceden.io/item-details/3HPbzm9QwHYmWZbMjxdrZmfbZB5PijQqqcPWncZscxdD
3849,8,3798,https://magiceden.io/item-details/GezBeViA5pfRsUWpGqLiJkiGZw1FthBvP68MgrQGxacP
3856,8.49,11,https://magiceden.io/item-details/4ybCmUmsn2Gkbx1fRn917wUfNCMri86V3eCyWDSSv7LD
3880,8,4405,https://magiceden.io/item-details/2z7sVpUQ8YY9XU2riXVyXE8NnYyU1UCnKytHeSjtkpFQ
3897,1.5,4034,https://magiceden.io/item-details/4QtdbVyTVkWs8eQ4XEJexKqAHiUPTz8JCr6LapsJZt7B
3915,1.8,2810,https://magiceden.io/item-details/FUwy1EzS8pmTMgfryS2njSRESo94DcPQEkhZCSNmiknH
3933,1.23,4721,https://magiceden.io/item-details/5wXEYDTt1Rh5KivMUFGH7BnFzHqi9g3ECWmGznbJx8WW
3936,0.92,3530,https://magiceden.io/item-details/BHcLh5oEp89QN4sj1pek45dTaW3eu1edAdJuHPkoE77
3937,2.49,2490,https://magiceden.io/item-details/2nbCnwYiqRMPRRmL5Tvx4gcw2LW3duhTfxFmkwKeF6EL
3945,0.95,4072,https://magiceden.io/item-details/324ifs4Cnck71ZSkf7SkV2q9Y6QwKwmXWAwZ7nWW66BU
3954,1.7,1112,https://magiceden.io/item-details/9dCHZFch62vfrgUDk8iZD6hKVosjTRDHrhtjpppyuRAM
3955,1.35,2839,https://alpha.art/t/BFdTE1jV1veZpYLGCLbiSxGFNWoTh4aeCdRwgfsqXE5J
3973,10.99,6,https://magiceden.io/item-details/7niB9sguSFtuC2vxFrUZGuiiyCEmEkkgnYb51UqZTepw
3992,1.4,5216,https://magiceden.io/item-details/F9TD6tkAjLqEk86PeCh3mQynha9Qney1hQJe3frvCxtJ
3995,1.75,4256,https://magiceden.io/item-details/GMNyBEsWMp2hZgviCpqQfbJAkvunfMWJZC78hBwzLXer
4000,55,62,https://magiceden.io/item-details/3W8oGsrvGAe31pYJRiZCBsiggmmd6R62ZoiwbEf6TL2M
4010,5,637,https://magiceden.io/item-details/9Wvg6pyiVDPNoudnBnHWRjmNCWVNA13ZGski4hSRZwEL
4019,2,1958,https://magiceden.io/item-details/5uuERnSFFLxLFhM4VfnhQVRML7aXaGbdopPwUVSywBjx
4025,5,2110,https://magiceden.io/item-details/7bxwfWr74T5dJSPRSCqnHJX13kcRge3P9kHLpVy2zgyi
4050,1.64,4178,https://magiceden.io/item-details/8WYcXqGRpx6rMCnkVA2XoFxkSZ8NYYK8kaSpAAJFyYDe
4054,3,485,https://magiceden.io/item-details/HVaGj6mE2aYbF6PBMwpdQKTcUNTmNvorWCrbTBZykrtT
4055,1.48,1185,https://magiceden.io/item-details/6DaKW82vHr77MoBoDtEduKbsoxSreiReESPCeRVyqyaR
4075,3,2459,https://alpha.art/t/2G9SVwBVXqiycSAu3mhh9ojybgm2e4mp2FZmgBdnUnm1
4093,1.4,2075,https://magiceden.io/item-details/4KHtt2KdW2stLNJgWZ3GxyzKAik9bdTvwHNuErcGXnQV
4094,15,3167,https://magiceden.io/item-details/7zVyRGXypoUa5mhXZav5T3UbEZNzzNfXvGd8q6KoJraE
4133,2,574,https://magiceden.io/item-details/GsF2btTUqhd66R7L8qRiAD4gzGkK2vNMdu2c5bh2qgaR
4150,11,1585,https://magiceden.io/item-details/2raTcgKjFuwxJsMRNhycfScVxy6n39PxAD6oQYSk9iQ9
4154,9.99,2013,https://magiceden.io/item-details/7bJkR3uCYtRMEFnVpuoX4bry73kLagjBAYuBcQQqpSL9
4188,3,3149,https://magiceden.io/item-details/3troAWMrcWMptb6YbMqYAEBUpKGpehnPB1gEnNnPgjFK
4192,1.6,639,https://magiceden.io/item-details/84Hj19v52qmgtcRR4kNSMpqYB6fceJkyfeFFkXPaYcKV
4274,3.5,77,https://magiceden.io/item-details/A8WQGdSiTn3B2zXABEPWmNc2wjeFSQhB8yYHoZ1K91nw
4278,0.97,3910,https://alpha.art/t/DbXbWNYu9rfMqBuxc3n1s3fdJsZnhzVNQ1PkUsQoPhZH
4313,4,114,https://magiceden.io/item-details/DnPyrR55F4pcJU1B2PKjkSsKAuYGLUM9hpvu115c6Lss
4317,8,3717,https://magiceden.io/item-details/DaRTXrdrznccTmVF1nmm2zwQziWqNacydvSQZa67UNCk
4364,2,2130,https://magiceden.io/item-details/53BXeqVFLyBtmZprpatBfvdm21YzQSHJFXsfPhZbtm2u
4372,1.1,4804,https://magiceden.io/item-details/EuCV2V9PRTyaCZvtRRnCkcKCjsNUzeDteY7C8Q53Z9zA
4377,0.97,4929,https://magiceden.io/item-details/4SshUnHyhoo7Xy3ELB11pBLKGmg6UBhkUUDpXxaq3nQt
4379,0.99,1790,https://magiceden.io/item-details/FYjFsXTdqPa8FuJGEPaSoLoV24QZprsjLgXxnZ86kq9Q
4385,1.99,229,https://magiceden.io/item-details/Fp4bRYdTKXLD7yHUMam2WzXT8tfeFEm8p52KEFhTn4Tv
4397,7,3959,https://magiceden.io/item-details/6nesyX6t7Ve3yrFxwzS7WNfMrKNsKjakqJm4UYJ1we4m
4400,1,5360,https://magiceden.io/item-details/AWk9cxQGe7b2J8BC6dk8aCkThgFzYyfG4nBuJYutv9Pe
4404,18,1997,https://magiceden.io/item-details/8Tjb19BHMhFLbYMEH5hh82VELCz5D2gucLuarr44nWux
4407,1,2965,https://magiceden.io/item-details/4Mo4UQhHSa1f2xrvpoAqJq8Nu7ySpxuFxoD5kjNYDVnx
4410,1.2,3893,https://magiceden.io/item-details/BYpejD95RW3FY62yoHsFJX2LCtrbBLYSPFAs5eXs48qP
4412,1.49,1548,https://alpha.art/t/DXcSZeaJnhYw9qcw2V6EqM6ZPGUjn2xpWjwc8BBfTQMH
4414,4.5,43,https://magiceden.io/item-details/G7LEydR5JTxAfnr7Me4j5HQojfHv1HrMaRkdX4XT5Lxq
4418,2,1461,https://magiceden.io/item-details/8fL9pvyTV2BvCQiL79BGAHhZpYphN8UaKEwLMVFbe9GF
4425,2,2650,https://magiceden.io/item-details/7DgDnejUW3zF8hBGggTJyFCuQ8QXH68PdGWWPwpRsTiG
4434,3.5,199,https://magiceden.io/item-details/49XYCvzzLkWcPftS3AKqQ9DxwVDL2iegudLkf7HB8jtu
4460,1.91,876,https://magiceden.io/item-details/5wT7VEkwpTY9oa9b8wp2AL3hF5nzxZLjRppuZ25yrmkQ
4466,2.1,1171,https://magiceden.io/item-details/HmhmGUpGzA8ceUb9G8wtLLWxQrHdSEqynRCpg9dhVLeB
4470,2,5177,https://magiceden.io/item-details/HUjXVQEajwg2HGNN12HKZ38tvxPEyj5LV8xptvLfuest
4486,10,649,https://magiceden.io/item-details/CixuACr73wQcaNb4yiEVYrKKubVbVCR9WfxjWt9zKuiY
4489,1.5,5284,https://magiceden.io/item-details/47H5oWsrbg75DdJFH7JwUN9uuYosQDwemC34gUQQwJHW
4490,1.669,1885,https://magiceden.io/item-details/DcqxqdjwDT4Y499zMwtzd1gQuSkFSLvFyU4yKqQexhXm
4495,2.5,331,https://magiceden.io/item-details/32DCdWWSVEPoJaa7RsTdZAiF1NGox81t86Auuc5yy4BM
4512,1.3,5099,https://magiceden.io/item-details/7Lxk9NjATKyjYCV7VkxQwN4iDRfg6MJdKhR2WzbayB8a
4513,15,705,https://magiceden.io/item-details/4WEyfdgqs5ygNm2rZrHqA19YzdYxLrGBJxd6PzeEZJNN
4541,0.9,1691,https://magiceden.io/item-details/C2FBkmui9D1mxeUDTsBLZSRoP1goEDZqZRB66uZZeGod
4560,1.49,3456,https://magiceden.io/item-details/6Xq91Y3jXSWDdSaxmAavUf7P5FeDRyZHnEsaX6Z1kSpg
4574,2.4,552,https://magiceden.io/item-details/AfwAmUjUgz3FCrVYA1YnrHQCsSmpB4tGwuHG5DLW2afZ
4590,0.95,4984,https://magiceden.io/item-details/EXDPFeK2fMaaai7dZ36B3EXDECyx2CoYTKBHck9CqHVs
4591,3,2088,https://magiceden.io/item-details/C735GUT93XcMUGBTnfzvAmhoLg7m2PEz9TX4JctsgRni
4594,1.3,3335,https://magiceden.io/item-details/BBnZxsA2zsM32XcAF9crJq89Tin14rrXir57FnhNf5nJ
4597,1.9,1165,https://magiceden.io/item-details/GnjBDdg2SdWZDo6HqYxJkjcAKSxLrHY4ZHdWzmLSzzk4
4638,10,298,https://alpha.art/t/6BPLbigKzDvmxrJM4UpK69kwm9q9BtCs8ndJSBLDuBW7
4670,1.59,3604,https://magiceden.io/item-details/74mdLRXEQgC6LndWjeTWGcemX2s8Vzk8yXx2aBmKu9BR
4672,1.2,4604,https://magiceden.io/item-details/HtgQmRa8ubrZvonokF3cCTjqbxma1nKzFSV3irJW5qxo
4676,1.3,4785,https://magiceden.io/item-details/2AyRoYuvwxhCnzZCnGX5hamPKiig8GJMEcAdb3cmM7Yw
4678,1.25,4499,https://magiceden.io/item-details/7J4LkxQ7pSLHNnhbD1ypGczC6o9atN5QJ5XiVzKeQED
4727,1.1,4759,https://magiceden.io/item-details/GcixBPsorMmcfPF4qeWwFuZgpat5oQcM8nFSrGnKyvAK
4734,9.69,58,https://magiceden.io/item-details/BxwXVFRogTHYb2A9YGDEUG4dGEbuNks1Ak74c1Q5fBEE
4774,3.5,1834,https://magiceden.io/item-details/4XcdRiuw5kwfFxK9FvNN8zTrkXC6yVHt5GYnYJMpQ11c
4796,3.98,1901,https://magiceden.io/item-details/7Bqwp8AFxZLo61KXKApxY7yvfAC46oQZC2iZLmrBXqjd
4798,1.88,1947,https://magiceden.io/item-details/j29nYEdVZbQtoTq6iZiyainJp9CQaGfMyhx2Fcf7p6v
4806,1.2,5500,https://magiceden.io/item-details/FH9JokbTQZquaP4cBYywqb3ha71Uy4xz35HjTiD6tBXe
4810,2.97,4701,https://magiceden.io/item-details/J9LgSzcmrJvHm9CCtzUP7cQtDHtzfE11agy6EB7WQuAQ
4811,4,606,https://magiceden.io/item-details/CdrG1vA8F5EuYZZQh8oJ7Z9DJFXG2TbpadsR1Fz1xhL4
4812,282,1636,https://magiceden.io/item-details/AtGptyhWS1MCXjJUnMiUGvVoD2yfaZ1ASt2hS7neyEnN
4817,2.5,1154,https://alpha.art/t/GH72MgEa82gYD6UMMjwojEssrNxDyEW1unyCq7ruY47S
4818,1.7,3062,https://magiceden.io/item-details/EVohn7haWbt9v6awMtBYxKtjYMpKtLxjrgt8xBFgBx6f
4829,2.5,4029,https://magiceden.io/item-details/4qBsZiphD26RJyN4RGEnUCqiSzr5k1VSMoirYCwdwhh3
4835,5,1430,https://magiceden.io/item-details/6qaiyGF38T5bDJ3wobQ1xmuJfcMUUp1C3wtK3PuTud9N
4849,1.6,619,https://magiceden.io/item-details/DdzGAk7E2nGSPzhdX7KsxsHss4bibTQD5VChCqWziP75
4858,1.2,4339,https://magiceden.io/item-details/4kGBtXk3igeJjBV1UHAWa5UVazURymBNXryu7puKS1Nf
4860,6.099,556,https://magiceden.io/item-details/519WJ1N4mjKpVswZ3hCryJVRZv8Hi6CB1peeK3kVyNkA
4864,2.99,941,https://magiceden.io/item-details/5ECwxQr3KiWg8sufcRbD7sJrBCraswRQ5Vu32bHewiV
4869,1,4306,https://magiceden.io/item-details/4VsEmBCExJTymChqz2JTPYDcDP4s5Q5ECuBhshWjPFgk
4873,1.5,2781,https://magiceden.io/item-details/8kbrcQ4KJ2JmyQ1XamjQJ1EyXmD6iHdxYofndqyAzT2q
4875,2.5,91,https://magiceden.io/item-details/DW28Wb3sraQGAAyGD1BvgVW9f88HegDEShAJaYsduBsU
4877,1,3580,https://alpha.art/t/Bxh3cs3ybEjrzjn59C19tYtczTQ6m8BxzkFSjB7ipUyQ
4884,1.1,3542,https://alpha.art/t/E4imLKV9L778ggH5p6iVjE9PsQVWqLm2QsxeYBjdvikj
4915,1.4,2440,https://magiceden.io/item-details/CnXL7zTPu5NicsJub7nXAQSvMtQLt9ahgmuem89p5mXA
4921,2.46,3631,https://magiceden.io/item-details/5mtMTbxegT5y1JJcbzAmvih8n7aEStvYsLMxa6XGMzFK
4928,2.5,910,https://magiceden.io/item-details/HfxNCRRZLxYsnVfcEeffa6vQYVzFagkmmnPA4wCpb29h
4931,2.8,239,https://magiceden.io/item-details/8RnixxPxg9bmK64tSEcsHATWCpmCr3qvNti5hNKE5Sqw
4949,1.11,1576,https://magiceden.io/item-details/288aVy59KWjbw84rWyda5nRFrF7NmAipXeZXQ1SV3QPS
4951,1.7,2757,https://magiceden.io/item-details/AQuFcdaxuiB8piW95AhmzzQPu2yvCuJRCqBMcgF5bu96
4962,5,903,https://alpha.art/t/26E4eZ3ujzDkCXyZukazjjkHAjXHqK4jEDfdGSDEAAZ1
4987,0.99,5086,https://magiceden.io/item-details/GmcEH7XGhukKWqtfwfjQbKdoPkNzrfzzbgvA8RMCwx2z
4989,3,4221,https://magiceden.io/item-details/CEnnfGjq9pQixta6Mme896M1fMwFYw4x1pja5zpGmzkG
4994,4,1046,https://magiceden.io/item-details/3ueCqRAomLfnPfjwY98HcVvriYHdvsceJkSPwsfdmS8i
4998,2.5,3221,https://magiceden.io/item-details/4SReFZn3GeoYBAy6bNSvBuF7886iJRgtngtpgEVVW8hU
5005,3.33,4423,https://magiceden.io/item-details/7Y965E5ZVHP1ACCSxyDMzcFTXqAzkbuxXpBbG2NyGYf7
5025,25,310,https://magiceden.io/item-details/4Y4Mcog3tAhXQAxtKJKrC2FQ6KxvHaBEN6Qvpx3aWt77
5031,4,1979,https://magiceden.io/item-details/Ep8hnA9nSwfd1skrVvSm1fb2Ydvs4bu7ycNzX6JqPPm
5035,0.92,2778,https://magiceden.io/item-details/CJdThxHGQhGD2S5YULFrHsHrdugvDtN3NAct1VJG3MQM
5050,1.5,1293,https://magiceden.io/item-details/7uQF1nxhduMAG7UrsYXTSPW3urdbH92D2rdDKA9WvRDJ
5079,1,2348,https://alpha.art/t/FtoH2cbCzoHBvi43XpjWA5BSMHrnm7M1sixzS7rMZck8
5084,3.5,505,https://magiceden.io/item-details/HcMkquB4i2JUoFeNwPewpxt9WwCxKgyyVfwj5dcdCqaa
5124,1,2796,https://magiceden.io/item-details/2daDkjTqZ9sBute2jpizjiTnvWxjECkg1oNTipieDHT9
5128,3.89,112,https://magiceden.io/item-details/EMbTunZC9qywiRTC8zdQ4ZVEoFf4dpFcNoC34XBa4BgZ
5197,1.2,1775,https://magiceden.io/item-details/4LHJR5EUvYGSUrqtUUnnBhVaqGkJs3L3tmMRagwAzedJ
5206,1.3,4638,https://magiceden.io/item-details/HrQM1mfEaESLXQmbzTmBfuNxySicfU2BHtnn2phTcPtR
5218,1.4,2964,https://magiceden.io/item-details/65EWttoX3bAxWi6yfPvsthTK7Kv54boqKe5GDv8KNr1h
5221,1.8,681,https://magiceden.io/item-details/4Z7RriUxkP6DYhbnq4sEe9udJpuPVRC3u1LSq4YrWbTd
5224,24.99,2594,https://magiceden.io/item-details/Bvn7CDkQXnC8MyCogxbpFWDZfCdXKSDk1NioZ9ivrVfB
5229,0.99,5383,https://magiceden.io/item-details/952shMuNNra4XHB31nn9FnmwNUa9DjvNvUoEyuU5dnBh
5239,10,4801,https://magiceden.io/item-details/7t8khYd53pgyhAcT9M6zdDzpxL88jF9CTctcJDtaVMDy
5250,2.99,2189,https://magiceden.io/item-details/9271fAA8E3Ep1nN3wHkPukHTdK4Vh3AADt8tfAyufUvj
5252,8.8,374,https://magiceden.io/item-details/HB8uVdrx8qKW5LaazB5LX3bD75Z84Ho71bZJNdKnghSf
5263,0.99,4819,https://magiceden.io/item-details/GrYtdfcjt1MRu5sNCLcj4WQtK1QoAu9WRkS5Rk5gWvNh
5283,3.5,399,https://magiceden.io/item-details/Ghng3mVBsRK8hkYLGhQJj654nyruh7QNqJStRv1E8sZe
5326,1.4,5009,https://magiceden.io/item-details/3C8TfPUn13fH82dmWRpQu8ogcsE2NmkBSTYTgSVn8Qps
5347,2.5,390,https://magiceden.io/item-details/6M33sKX3pZh2K2BTT6PHScbZAHcZLYJUCFi81FkjuGTC
5372,1.4,2386,https://magiceden.io/item-details/6eeuKJ5owT5rACA6NeX8hkjneJ4cbTrCHdTbxBjWX9HY
5393,2.5,961,https://magiceden.io/item-details/CvSNXHkfQaP35aMeNBrDtniaZ4stHPxoWwthu2YDEDu2
5399,1.65,1238,https://magiceden.io/item-details/EwsfHszJMijtEBkgfoZHXavBtVuEYHV9jTMXDGigvzYe
5407,2.5,2919,https://magiceden.io/item-details/4mEwoCJ9JtDYoUEVNtC3NA95D5wedTiyesxAC3Pj6cba
5414,1.25,3795,https://magiceden.io/item-details/DbsMSMPg4mkC1rZy3zW5Lf4UEhLrcvAMLgSxLy1uUUr8
5417,2.65,1779,https://magiceden.io/item-details/2KFDffDQyzjsgox4cp7A6ozBcmvN7jmywQ2qRMjDsqiW
5422,1.27,2308,https://magiceden.io/item-details/Hncb3p62qybhSXvWKC3Tp3ofCsvrmeoos26iakVZLhVd
5432,1.4,4696,https://magiceden.io/item-details/HhNLddFabQDeReqYvKy5geP7v8rf2xLbWKqEKG8BycjJ
5446,5.4,160,https://magiceden.io/item-details/9ji4fdm5NqUeJGhBg1fqK4Jc61dvk1CVBt4LkDtZDF4f
5451,1.2,4637,https://magiceden.io/item-details/3oxLpszFVqdXtr26JPwM4Sh6SXMffA4MCJfBzckA2Dyc
5453,1.9,1186,https://magiceden.io/item-details/9zbgAoVwbpe6fsbv7BnXMzDBV9h1LYQeXPnbyzonK1YR
5457,7,887,https://magiceden.io/item-details/Wd3uN82v8nJwqQXGFveUTGXbEVnHiAwEQxG19XBTayM
5469,1.1,5464,https://alpha.art/t/Ewom5Mhx5NsaUJPyMX51FZUCk5pBuVtRjf8aQ7Y9J4Ay
5476,2.1,174,https://magiceden.io/item-details/36pfcGBbSWReNjfYJECD4Cu6sCEFcvFdv9jamXhWY4s8
5479,1.5,3634,https://magiceden.io/item-details/AjANiBDsWEZCcyG25o1raqtpJUC9nrBgTvK2XsAXV6y9
5481,7.5,123,https://magiceden.io/item-details/4uk7sDVE1UBLFAiwB682Yk6vbr5i9AssexuW2whVgk5e
5482,1.97,3129,https://magiceden.io/item-details/93LCXC1xZp3gRezCyH6cjBrCn5N2NP5MkxCzmeFYxWLi
5488,2.5,793,https://magiceden.io/item-details/6Sb6N5RS7k8VB1oF7MsdzGeZ66SjQ734bb8VGxgXxDV2
5492,4.5,1023,https://magiceden.io/item-details/C9SHcnnCEU9K2kvyjodwo3HK9WUHf9LjgtMVbwb5JAuk
5497,5,3170,https://magiceden.io/item-details/HoLXokd3yzQvHM9DZzcky2kTMecNXQSDUSdqn4btRUdn
5499,2,807,https://magiceden.io/item-details/26RoJ9itLfQ6DvGBzQbeQK3uPoiCNPnMpXpAwbeCjo5U
5507,3,944,https://magiceden.io/item-details/6pby7X5ouwsqL5D38wzFMc6VNv75WotHdb7amhwog4mN
5508,1.68,3171,https://magiceden.io/item-details/8WyBcVEGxH9wSkVA3nZA6zobCy8h6Fstds95vRYLBy6R
5510,3,49,https://magiceden.io/item-details/JD9or8vr3ahf5pzT7qKQ9vRdon7zTNSPUdMGr2PKGJrH
5511,1.66,1310,https://magiceden.io/item-details/Mdbrdxyo3CvtbfcCJHfVuhMA2ufe5jfQufyWErSddw6
5518,1.0999,3325,https://magiceden.io/item-details/Hix46ijY2orKX74936TgAbJ9HW4P2dsDErxbnwhAFiHJ
5531,3.5,3471,https://magiceden.io/item-details/ERZcWEWJG3THFo2YcvFWDr5o3Ny4pT6WiLCEukaJYxeq
5533,10,251,https://magiceden.io/item-details/6UXnHEjmbZMurAso6DozNsfWxMi8V3h3urXQ8zVS5t8m
5534,2.3,245,https://magiceden.io/item-details/DEsyjL7BqxcNtefNqGcVNo41A4h19pExXRoWHcf5YbAC
5544,2,806,https://magiceden.io/item-details/5gSgARx3tJYhhKMasir4dVVrX5yutyPvjqPeD2i14eNw
