id,price,moonRank,ðŸ’Ž score (%),storeURL
1,0.5,1085,82.99,https://magiceden.io/item-details/5GUtL7nP11GnnvgBCEYzDS2oeMdHWeUivsj6duiFdNkc
2,2,3311,41.29,https://magiceden.io/item-details/23Vf1wypdvf4ntDAt5tB128Db3Ewkap8KxYsmk36DGb3
3,0.8,916,82.01,https://magiceden.io/item-details/DB61K9SA3QcH3XMiGhfCyWVSnfN75mxsSANsMbAGEUXp
6,1,3176,52.91,https://magiceden.io/item-details/A7EN9EiLFCxfEqYwKinRmaSfXv9nGSjUmumhTjoifXy
14,1.25,2370,60.07,https://magiceden.io/item-details/HJveBmv5oMfYENJ9VvXy9xzox2ChbMaG88JH5ZUTfbnt
15,1,2769,57.79,https://magiceden.io/item-details/CVrYRRc9iWPhGGJTsw8kQgseGcKWxnBDCSsGrMQ4RN4z
23,0.5,2030,71.65,https://magiceden.io/item-details/F2d1cssiz1dhedx51v6hpqXXqToscW4iTATpyuLXmyWy
34,0.5,198,93.63,https://magiceden.io/item-details/8Dt1D7ZUASbWzXcRJBMG6ZbsqTRarpYuuf9jj1XCA43K
36,1.5,1718,65.39,https://magiceden.io/item-details/HKvQq8ogPwWYrpxHirUmxCMueakix7KLDAjD2ywcB3Sc
39,0.2,2310,71.29,https://magiceden.io/item-details/E8yNoKBsEKRNW8kcBUnqRk7wAqdFiaVdj2Etcgr4gR52
50,1,657,83.12,https://magiceden.io/item-details/ABGPqGmfZgd8yuKSqeBs7hh1mEgoJsh9ZRnrAjwWZFv7
57,1,1529,72.66,https://magiceden.io/item-details/BGonbe7Ba4nD6AgaFFjb3wLwq6Fj3MiC4mWEx4TBQTSe
59,0.37,2708,64.82,https://magiceden.io/item-details/AbxsqSShSPF9rAXfnhz2a9iApQN8EZqKh4PasdJ7fty7
76,0.5,2342,67.91,https://magiceden.io/item-details/AQHHvRyiviX8E7thxzphGycD3vXPpVYt5PdgDdvTLgDN
80,0.5,1292,80.5,https://magiceden.io/item-details/2SmcjV3GckNna7Bpye5oafSMzr852AKFqB5bREzwuVnT
92,0.2,3209,60.51,https://magiceden.io/item-details/J2HSMSN757X8nEyGnTXGMw4asQqDB4rMbhqNjhP4TfTp
96,0.69,598,86.93,https://magiceden.io/item-details/ECTu3WDUwdf7FUtPdejQJTLYvn1uLCqrewByQf9Riwuc
100,0.69,2069,69.28,https://magiceden.io/item-details/Dn5eren9GPjffohGeHu7EcmQKwyH7V7wUMnSdP3yTeFr
110,1,1397,74.24,https://magiceden.io/item-details/9m61P5KAFS6DBy7YnbKwSVFNdioVy8Drrn7qpJSMF5g2
113,0.5,2131,70.44,https://magiceden.io/item-details/71Kx5FtMJVHoYUYEymMRPUBxzZDGRubmz9oQEUxP9sX9
120,10,3186,0,https://magiceden.io/item-details/142gxRBHpxSdqqXNYzpcvUsAWQPkECDZ4Eypf85YcrwC
133,1.5,1269,70.78,https://magiceden.io/item-details/5u7B8hedPxnpa6yx2xA4jUCWKqH3YnqmDrNcaxVmsPKq
135,2.22,2671,46.76,https://magiceden.io/item-details/E38EJqLwDo36SYQmBRNvayvb1M24owvAuPx6edzfoRqD
136,0.9,3335,52,https://magiceden.io/item-details/CsfR2jM7hzZk88rq6PFHGDMzHz782zgrCn78tJKYKY4p
144,0.25,1103,85.27,https://magiceden.io/item-details/LsBzpHYtUmvs8iv5G4ELGW1wuzwze3jqVFkHHemQKZC
150,0.12,2357,71.53,https://magiceden.io/item-details/36ezvWN9QkruxyLAUFKxPwbmwTYAdkcPwEiUoH1yvm2t
155,1.55,3265,46.34,https://magiceden.io/item-details/ELvtcW53XUbQ5QSDRq1QW4ZQnTcWLTuPFb1CKBQxjPqW
160,2.3,39,77.53,https://magiceden.io/item-details/ZMvuCMwKKJxaHej3BBUSghKHyQ9yYy5w6uVh3jxDHWV
165,2.5,3278,36.68,https://magiceden.io/item-details/EiPzmSrsjXsPHzNRu97xRsrbF4zPJ55Q4fWQoC8roKJT
168,0.6,1037,82.56,https://magiceden.io/item-details/6wsMCPB1L5ZPbJmeMrXa6wQdYHZuQqytakAeedd8qYRa
170,0.2,1030,86.65,https://magiceden.io/item-details/AzA5dGbDyp2Rttji5BF43Jeu5MHbaLAn7c8BQWLpj2HT
171,0.7,151,92.19,https://magiceden.io/item-details/DYwSmCKsgtsSqwdgJHyCnfG93YLwfVhFmbs6nGQiVUEx
175,3,2218,44.4,https://magiceden.io/item-details/FZj1riEBKL5YXUmGG8txwPuoBojcVpexnyw9z6Z14kFT
178,1.3,1577,69.09,https://magiceden.io/item-details/F23Q5fWBHHDhgMTcFWwjxjFQ48XtjUNQCHC92Xqc9njj
212,0.12,2283,72.42,https://magiceden.io/item-details/BD7cbZuU7Mc8naPKwpe9121BZCHRm45tP52F7Nbum4si
218,0.8,1043,80.49,https://magiceden.io/item-details/6J3kV3uWSHybbYFN8yys4WqmUpKxcEcnSQqnBzHbYrVU
242,0.119,2317,72.02,https://magiceden.io/item-details/8TGTgu2qEnm2SzftF7DggLzfqN8xPYP8savZXqLt72nc
246,0.75,2680,61.36,https://magiceden.io/item-details/AL4FWwpJ6ZYjZTcBege1opP3VSUuYVwk7BpQmnTrHgwg
250,0.25,1021,86.25,https://magiceden.io/item-details/HzL3MwSKJAQ6srb9VUbtqh7NLAzBddTWLqF4tNdzuMuC
254,0.1,2332,72.03,https://magiceden.io/item-details/NZBsHtJWJHjz1FqKZwgHBG53HikCT2e8hr8uSqHGpad
269,0.2,1936,75.78,https://magiceden.io/item-details/9B9SgqDLJ48wn5NAGBHqk55n1dVCAk7yv9htiEsR1pUd
270,0.72,852,83.58,https://magiceden.io/item-details/HeqAKcyjepbBKPBWu2eiA8njSKr6MVWitkzUZ9BnkUHU
288,1,1823,69.13,https://magiceden.io/item-details/CSfZPUJt3aqEavZsYaF13diUJYMndvo28xYQcL2mVjQH
300,0.688,2295,66.59,https://magiceden.io/item-details/FohqH9yp4Tz4fT6Up4M9VGsRHAWLXnK263xqEcjsJe8u
317,0.45,387,91.86,https://magiceden.io/item-details/7j5Tfzx46VekaTAcRropPxgmc8XGMWKYdTfJeTL3FXsR
323,0.25,2787,65.07,https://magiceden.io/item-details/CSYgj8fFiFJfzoFqYcAjCbYZrx473fWqqRUeDo3fGBG1
326,0.32,2433,68.62,https://magiceden.io/item-details/7A2vg3nHztFxVrLxqutcqUHuSvx8g8t244MLSGmf6ML1
329,2.5,14,75.83,https://magiceden.io/item-details/DVkSPR3yg4e8U5Vo3NfpJKXdwe6EXYvmbYzvuPPR6d7z
334,1,1700,70.61,https://magiceden.io/item-details/A4Ndqux9JExKvRSwb68EcN2QPc4eY4mrspMaHAbxr2DC
339,0.3,2076,73.1,https://magiceden.io/item-details/3n2vCw1ESMG8yzHYqVPUGs7uYZGMn6Hi9nXWxQy9ciXq
341,0.1,3116,62.63,https://magiceden.io/item-details/2gWCXBvygd37DPA4K6cjEdSnc4Dtrn8ner4goFqLRUgm
342,0.25,485,92.68,https://magiceden.io/item-details/2p4A3m4n6VBi3UvocBENkaKtzCDSSBPcQJu5dW4qgybj
349,1,208,88.51,https://magiceden.io/item-details/4VkiCkeASFxXfrmmEkDJFaedXwHqUqTgbsQqggv3N4fu
358,0.2,3103,61.78,https://magiceden.io/item-details/7HdpHkm6vFjn9A5jU2fBuxEaVLWh9hSw22ZYrWsJzHT2
359,0.25,2853,64.28,https://magiceden.io/item-details/FTRCqurARNQ16exUL9QfGwDF2QoLhL6DHmAWwfwR6rVf
360,0.15,3059,62.81,https://magiceden.io/item-details/G937A7g2dtPWHsLnLr18cpNjiQNtcFsqcNiJj2AszXK7
362,0.1,1909,77.1,https://magiceden.io/item-details/CCEWbv7xC35WsbKwW93FhhffnvKNmzh1NsuiChWKiaXX
374,0.7,591,86.91,https://magiceden.io/item-details/CynTztn9EcsMCaJynHFAU8HbMNH4wB1AfM2MphgFLB27
376,0.34,1036,85.17,https://magiceden.io/item-details/APuXxhsjpJPX7QhhaE7AjqerEngGHP22p4XMWydEgPgD
383,0.149,2212,72.98,https://magiceden.io/item-details/BuhjhHWVdeUTuoYy73qWcnADiY7hJVCsECkXMSuFZM9z
393,95,1528,0,https://magiceden.io/item-details/5scZYffeM1aMXS7zqTLBBkvLy4ecYCEogZwfAQHuxkPX
402,0.1,3101,62.81,https://magiceden.io/item-details/CS7m7x97ajkTQmJRqkw7eRTsjwVWfbQuU2i1DrrkPcn4
404,0.5,740,87.12,https://magiceden.io/item-details/FwvNXTCYDscCQ46HRPB4ZUaUVMASQMfSkcPB8YRGco6c
412,0.57,645,87.56,https://magiceden.io/item-details/61HeZeVTcmtLWYUQJESznrDYhyrLBNEmWyotYDtKcd66
413,0.75,2355,65.25,https://magiceden.io/item-details/EDQWxB1sw6Rp2hZrS2Jg72C6tEMNH51HtvQR4vXdnx8H
420,0.2,3248,60.04,https://magiceden.io/item-details/EakbjXHTv6oshYn7pXnsY42CDZq91u9JMFpvesCXuGrL
423,0.27423,1302,82.64,https://magiceden.io/item-details/A7mVnkfuyy1ZDy1QU61kLUuQmYijasuUZm3CCs2MuduB
435,0.5,884,85.4,https://magiceden.io/item-details/G9d3w6GRF7Q595UsGAnTJmK1A2QqbGzZcA4kpdmYyfFE
460,0.5,1493,78.09,https://magiceden.io/item-details/7rfvUEUyXCDrrR2DWNApYCFbsEUBYiRx6NZwJ62TkGe
464,3.14,500,63.6,https://magiceden.io/item-details/3Ra4xzYa4gmpL11MctaeqpzbMgSShk6FLahNJfAExr6Q
465,0.25,2558,67.82,https://magiceden.io/item-details/VJxauJ3gvxQH5GDAGLRmtPjJ9P1q3SxExUyZN35YL5K
470,1.3,611,80.67,https://magiceden.io/item-details/GBYNTFFCSXHks3Y1962y9hoe7gNj6tX4r3EoNND5q53W
473,0.3,3132,60.43,https://magiceden.io/item-details/HJxp6j5icDzoMBkA5A2kSB6u8da2HHECc34dPyhCN49y
475,4.7,421,48.95,https://magiceden.io/item-details/4w2X6GDWNDTjcMdnJkhs8vJzBtj31W8pwrEQTu8B32ei
479,3,1787,49.57,https://magiceden.io/item-details/2oUjw4rLbU5Pva52ePUJ6UANdKtSTNeoZFF4RJkZDb59
482,0.1,2467,70.41,https://magiceden.io/item-details/7Qa67an3We9AbrX9A5Jx2aGN2ACD62v5FHW75dj5Au4r
486,0.2,1794,77.48,https://magiceden.io/item-details/CWQLovTkkLHtsGgKMubPFV8H3StvqJVpGFyEzunumAye
503,0.1,2612,68.67,https://magiceden.io/item-details/5nS34sFgvKkfmgVptYhGbHCNPpV6sZob4sNG7DwpXJnk
513,5,2119,25.58,https://magiceden.io/item-details/zEAC3vPg1MB1aoC3f2nsRCbXSdy7ge4n1wLjdBf4bHP
519,0.18999,3284,59.71,https://magiceden.io/item-details/GmKsqrrBtJwrdR1JL7FEyjd4GXseJp578nJakreYKms7
520,0.17999,2739,66.35,https://magiceden.io/item-details/4WJSif5VegRTdCAZj43Ycf3uZ9znkSMko9YGBkWPwr9H
524,0.1,1609,80.7,https://magiceden.io/item-details/3U8uzPcaKYHVbxpG7rLkmngSPbx15K3EeKtQoXmWSZ8h
535,0.3,322,94.14,https://magiceden.io/item-details/HVLfGsC7x5Ac9nLbzBrjPjh9czPZqHrPZG8KiQchEZPB
537,0.1,2211,73.48,https://magiceden.io/item-details/2Vrjwpqv4w2PLQBancJE7EnKUjrnKtYqYK83VcPBrPK9
538,0.1,2437,70.77,https://magiceden.io/item-details/7L4NMDR9RrjMHhEqS6Rn88TUReizgKWWnPA57rCehdD6
546,3.88,2907,27.33,https://magiceden.io/item-details/Cuq1AaTeSngWbrFD4U2QnYGGEQBSRZScgmNTsqwyjCQ1
557,4,255,57.94,https://magiceden.io/item-details/9RYc8DEVobk1Q8ZxZXhBWFfVWdf7VA2u3hJpvZz8ro96
560,0.2,608,91.71,https://magiceden.io/item-details/GiJhmFHCZELc2mdUu9WujjcQDXZ3WiRDcgsHy4L6qkwj
563,0.1,2915,65.04,https://magiceden.io/item-details/A5rhoL95jgXrb8TF3Ur6TbWrkExKT9aUEMetXQzKRViK
568,0.1,3254,60.97,https://magiceden.io/item-details/Dtvh2Q8KLfvBnnHbJ8szv6yesa3yng4TgjW5SSeZC48g
580,0.99,1206,76.64,https://magiceden.io/item-details/5emc1xzmC46kUgVF6tJv9Y7at182aMaUPHdFd4v7bfNC
583,0.1,1654,80.16,https://magiceden.io/item-details/9hkQDPoW2o5ZQA44EXEYwd6WtC18W5CV9o2JpHKA8JDD
589,0.22,2643,67.1,https://magiceden.io/item-details/AcnGvjCBnzFnQXytcRm3eZJccQwjoT7KeRqetZs3Ap5s
597,0.19,2738,66.26,https://magiceden.io/item-details/2VHXdmwUcDVj8sAQKZdBumSq41yPHd8ZVjJd7ZTPgUBt
599,3,2160,45.09,https://magiceden.io/item-details/8Eahe1skuuUcp4ZAHRBgoJTQhsVmSgCS13zV4a1sF6Ao
607,0.25,1565,79.73,https://magiceden.io/item-details/DBmnWnmfbEFnNF9z5cxJXM6ZkwpWTETWVo872k73udaZ
612,0.29,1607,78.83,https://magiceden.io/item-details/7LMWG7r8mX7FkBaUHdRDvtMQR83yg6b6jB4ntwcDeDhe
613,1,1232,76.22,https://magiceden.io/item-details/5ckfzYfjSAL6YYbRCv2ieiwZE6n37GzQW5WQJN6enBFj
615,0.1,2664,68.05,https://magiceden.io/item-details/88yzfXyYMXGWx81dqj9NzXpxHf5wDFHJ5eBe2Aio6UbQ
619,3,342,66.9,https://magiceden.io/item-details/EALeTmrnXtnE7F5qdebnnRrQWU97B1HHvfJ3oH6ecZzD
624,0.3,595,90.86,https://magiceden.io/item-details/31GHH3we4HqPBfY66P6RFBUsXnGUAshsJa7f368EwS9J
628,0.1,2577,69.09,https://magiceden.io/item-details/GApqQgPVX1wD6PPf41DvJkYeRYRXZixooRRs87zcfZF1
631,0.1,1356,83.74,https://magiceden.io/item-details/CPSE8WATP2xhfB6sNPqsyjQ1K8XSacoP8w2yXwhGCN3e
633,1.5,68,85.18,https://magiceden.io/item-details/v32tNzyHeKq6fYneq4X32C6VNFVADcmxupRJg682GNZ
635,0.25,1819,76.68,https://magiceden.io/item-details/Y4mq3rdYYqEa62urnHH9U9W64FDNkgQSdwwKdJ5DsoS
647,0.18777,1795,77.59,https://magiceden.io/item-details/4Zgfu4BpJowKq6x9h7kpLjkwDWM9x6YLqagAzM8s9qUb
650,0.5,924,84.92,https://magiceden.io/item-details/3M45nRr1UdRtWo2L8wEnAWzAZX3dacaAjTFy1SVKvMVg
653,0.22,582,91.82,https://magiceden.io/item-details/74zdothNehWjwaNTuM9TbJ1m8F5vsjocCdRU6EZcKxmi
660,0.2,1956,75.54,https://magiceden.io/item-details/HvxB7u3rG4gKNWqcH7emB4t6gLCAmog7GBxRRegFGU2J
666,3.33,2632,36.13,https://magiceden.io/item-details/FLAewyGFjtYbDTP8vfQABQtvKwjd6g4wVeRFrzUkUAuX
667,0.1,1376,83.5,https://magiceden.io/item-details/CJ9NN7kSACuJkggutLU3NvHrZipuHcQ4VjgaXWasXuN6
672,1,1826,69.1,https://magiceden.io/item-details/5jY3tRmsyaMvGNKM1o63PaNAJNvsYqD3TnzyNkKZGPkN
679,0.28,328,94.27,https://magiceden.io/item-details/GE5G1E53A4p2TAWB8E2dmfam3QArskdLbC8F6aM8eMbX
681,0.25,2929,63.37,https://magiceden.io/item-details/AocqSBvdBjmM6LrHDEeFQEkvFi1eqsTTzT1M1N18iJVM
682,0.35,1100,84.31,https://magiceden.io/item-details/HnAvJjTjcnkCbhsm1aMVqJkzDHrvYXjxgqHmntAVQLwe
683,50,785,0,https://magiceden.io/item-details/Gs2EeXBsVvnzU4VRahc6VCBUpMbe5t2B4gE3zvRmU9HT
685,0.22,1132,85.22,https://magiceden.io/item-details/2DaAbzW65kYKweGXuPpCKaMkGpiR7G86ag4mpbcV6cw8
687,0.13,1523,81.43,https://magiceden.io/item-details/2rQPFnxAHRn7rwC2a28hFmeeB1SsHyjcH4nfwM5bdGdL
692,0.15999,1610,80.09,https://magiceden.io/item-details/6wapnxWsYmEVQ9EJuRVGtREUF91rAC3yrwXD7GhvNkgV
694,0.8,1765,71.83,https://magiceden.io/item-details/7x2Ez2MM8LVLJ9is6BE8ByFheP3myz2gw7W1y258QE9Y
699,100,3190,0,https://magiceden.io/item-details/DCmdiqLkNY1aBK7A6tPP7oVozyTaE4jsJzukypcbRPta
712,0.999999,560,84.28,https://magiceden.io/item-details/BJY7jaFya7sYh5FhBCRSNb4nES4tcNcf2TdjMgF3fVB
714,0.85,2321,64.66,https://magiceden.io/item-details/A84kEkgakkJQxCvc8PsnXNb4m73wjKDqAjWBBHVxXx9F
715,0.1,2387,71.37,https://magiceden.io/item-details/B86j5Qgpcy8AN7QhBpwz6MvPued1Y3yq8nuy3hNwdSv6
717,0.9,131,90.43,https://magiceden.io/item-details/FMwB4vx6tjZnGxxXKh683GDBonXP8JKwwACqrQrp1PT2
720,3,1918,48,https://magiceden.io/item-details/9gVwo2b9R3v8hoxWAd5YZm1j4gDzpFDkjCGNnKpqAHQg
731,0.1,1230,85.25,https://magiceden.io/item-details/8xVCQr7sNSmTkBjF248y86DPTTv6mS8RjsN8RgjGb2Yk
735,2,3326,41.11,https://magiceden.io/item-details/7cZgTTut7Q8kz14a8EJxemPn8g76duVzDUu5CQVK2znS
736,0.44,3173,58.54,https://magiceden.io/item-details/5P5JX6bA3aXkRJYX3mfbBYLBMh2b2eyAZ5tXLgvyMe7y
737,2,601,73.79,https://magiceden.io/item-details/7SYS8A8zd5yUGzk4ucGeLgA6JUDAWDSbYTCvxwTb5X8F
740,0.2,3287,59.58,https://magiceden.io/item-details/BBULf3snvAUMsFKyNf9EqggcoAunN5z3ctCjYaNoH3yw
742,0.179,2081,74.25,https://magiceden.io/item-details/GGg1aN9xEvfU5HXkqUjHM6QbHKkSpq1BR2VUdBw5PVGe
748,0.42,641,89.11,https://magiceden.io/item-details/8sF2bsydT61tXEN7YnvYZc6r3NTdaoZ9Ks5p4jDv3q25
752,0.25,2404,69.67,https://magiceden.io/item-details/CXNCjToN4B9f4ZBzaBGWzRzowvngvN4eNqJMZcmrTX8V
760,0.5,2047,71.45,https://magiceden.io/item-details/GLMnqRAiofiAmvWJjBeKbRFyew8tCQ6H45yJ1jDATTQr
762,0.6,2478,65.28,https://magiceden.io/item-details/Hko1FfwME3R2qodTJ6Qju1MPaEuR4KhXXxHnBQKczwt1
763,0.2,2187,72.77,https://magiceden.io/item-details/Cqa5GdxNvFYyEyDQqAWvRY6gTgqpBjEBkpZbAyxbANxg
777,0.5,643,88.29,https://magiceden.io/item-details/GCWxEzFiCYnPqjzNwTEyKsr5cJcdL4rxigeqjS7ZvH21
782,5,3206,12.55,https://magiceden.io/item-details/6wAiQNmr8iaJK4nm1obFr2xw6ydKzeTVTeT1bQ6urA7H
785,0.46,3226,57.71,https://magiceden.io/item-details/2boZK292TC55VCawuWeMq6KXYBR8aezxjh9YYCiED6gK
787,3,8,70.9,https://magiceden.io/item-details/8sLDEexq1fH6efnyGiMeG2md5L5jCMGvrs1e157E8drF
801,1.5,942,74.7,https://magiceden.io/item-details/4NntGybdrktTHvv1kP5Ew5rVjLLNahtY1NSh98xvArPn
805,1.25,2878,53.98,https://magiceden.io/item-details/B2bAxszBNh1Xj8N22X8q6vJ58dUMNU2owv5YEj9Qhbyu
807,100,575,0,https://magiceden.io/item-details/FQXvVuL2zotWfTJtuR1NCAgTDV9179F4aKcUmYDDP1No
821,0.5,2501,66,https://magiceden.io/item-details/9hTma5TNtYyr4ZXwo2tyYARwdefoSzYD3gLWD8ow1uah
825,0.3,3317,58.22,https://magiceden.io/item-details/4PWT5FmMq5kdbG44QQykAYwRQEN1Dcjcin6V3nnqo9QZ
826,0.25,1090,85.43,https://magiceden.io/item-details/A4ERrF3VM56Mc62yJq3LDcqXv7AF5cq4j64Hnm8VC6Tx
827,0.2,3197,60.66,https://magiceden.io/item-details/69KDAhoNMyRHBPVJHi33GsHWVY7WmgjcMVMAASahPb98
835,500,718,0,https://magiceden.io/item-details/FZCZjgTht7akfgENDTBSKyPL9KSFGtjJ3YrTkwJNveR4
836,0.45,383,91.91,https://magiceden.io/item-details/C2tv8L2hNicm1CUnk8VVgD4fRXnhZGgbsGFXTPg3U26g
840,0.32,2027,73.49,https://magiceden.io/item-details/3gEsY8DDKGcvntMFY9AExqQmy5bs2U8mEAzkMmGeGrsr
852,1.99,259,77.99,https://magiceden.io/item-details/DVqU8PzNRe8Jf2SDwD28VQ9XXK5EgVWvABze3K6ScoSQ
868,0.27,251,95.29,https://magiceden.io/item-details/3qH3DupyZ5oXfvPiHwrQ8T7AYEoFTPRcdwDanYv9DQs4
885,0.3,3013,61.86,https://magiceden.io/item-details/CVkf3tvr2tpvTRGBHNgvqeyaJJAgwBcm7EDsxS3X8yNe
896,0.6,544,88.48,https://magiceden.io/item-details/ECTmBzPkwYhJdnb9Uiep8h1M1VEGq6XAr7zD8ZRppySm
904,0.2,2491,69.12,https://magiceden.io/item-details/7NT7E8pH7W33Ab8YHRKb1SsjgJUvK6mzRKHXgVsvbhpP
920,0.24,1373,82.13,https://magiceden.io/item-details/TUQYtm3JRMUMy62FDTybvdn1eKvCZFVVkhyV4sHVRYa
924,0.6,1770,73.77,https://magiceden.io/item-details/FKsLQ8544hMKnWxtsKt3sT5hmoKsCgaXjo4ApGgYNZmd
926,0.89,1869,69.68,https://magiceden.io/item-details/5rSVcu3DR7J61LFcD5QdntcaAXx5cg8YWdvdecQmA7hU
936,1,1882,68.43,https://magiceden.io/item-details/CsJEQRiFHUZx4nYaL1PffWDYfvrpr9dbrb7uhsxGSe2W
941,1,1728,70.27,https://magiceden.io/item-details/5c9uwZAnfdXg46fhKySCLBhkUvpHdnHErG7Aw7fQNxXf
949,0.7,1841,71.92,https://magiceden.io/item-details/AUDY8EVF3Ths4EFGsTSQ3wygo13TkAkpmJ7U2QpGCLmi
956,1,234,88.19,https://magiceden.io/item-details/HzBnW7u4wenbcDVhdEcY2sXGbvxw7A5BThRqWqdmiDEJ
958,0.85,3236,53.69,https://magiceden.io/item-details/Be1YzWwQ1mLJY1UddpMdqSoMuXKDLsLWZMfSFZ8jMgeX
968,0.2,2617,67.61,https://magiceden.io/item-details/2P8XSjRjdRfHRYSbQmgfF6xv6N4zAdwj2RSvUytdMYSv
981,0.35,1796,75.96,https://magiceden.io/item-details/2V9v223TpyJNMBc6NG11XMftXbXUdSzEYiZWC5V2Zsnb
982,3,1740,50.13,https://magiceden.io/item-details/7UGkMhyiJh9ihLmDjf7R92w7RRz3Kuzc9GDX5jwv19Zq
983,0.25,2409,69.61,https://magiceden.io/item-details/GT6nWfCmScZyu3k6u1DprxMFxkziBv8mWYB6DZnkwsiv
989,0.85,923,81.43,https://magiceden.io/item-details/FqqSrP5k5iPFYFFFQw7oyXxsij8Jow8acgFUynnbh2eQ
996,0.189,2890,64.45,https://magiceden.io/item-details/3JVskPs4JNfbBzuwc5ratyKXau5aQuaz8S9cs3xTwv93
1007,0.2,3082,62.03,https://magiceden.io/item-details/852UjoTr8PKVKgGyFEJGvNPiu9XGfEPrYCHFHCEUB7bE
1009,0.2,2447,69.65,https://magiceden.io/item-details/4ZDJbbBrAComu5SGhain3q1kTtYC8HkiEgnikoUQ3Uhh
1011,1.2,471,83.35,https://magiceden.io/item-details/FYQWoTY7pWtEN28UZeohuUNVSGn56eLEg5Zv8cGeZsH6
1022,0.5,965,84.43,https://magiceden.io/item-details/GrqcXyQj1HmCNnhyEG5Nh92MZAHEnpHzspAG6LsbnDv7
1023,1.5,1671,65.96,https://magiceden.io/item-details/9PEkbodZuWsgbmQ72TsRvPu6yYMGah7Vscgm5w4V5VWJ
1025,0.2,3199,60.63,https://magiceden.io/item-details/AkTuaZ3U8Fbh1Uawxi2Y2JstPmfeGvPXXeKzXKH6KFha
1029,1,2950,55.62,https://magiceden.io/item-details/4AjZ96fz2ikGVsY3VTzrRcVdiEb3aDRrDmTLEFQDDoXC
1035,2.5,86,74.97,https://magiceden.io/item-details/6qGSrdfWVbTzY4iUeY7TMm3iG4SouWQbeFeLWtDLFEiY
1041,0.5,1219,81.38,https://magiceden.io/item-details/3cLV2tGwW77wArxiQQX5XYrZhL6Q8PUtECkXF6DjKQxk
1042,1,1910,68.09,https://magiceden.io/item-details/3ejcEMcUcLXrdiz9yDzy5Kx4vk3zyaiwEGDwxaJrQuzG
1043,0.7,1286,78.58,https://magiceden.io/item-details/J4nsow2n5B6dyzYxugzpV17TcAvpKE1jC79Q5GLVwS7Y
1046,1.44,1257,71.52,https://magiceden.io/item-details/HcQHeauViq8pZyC913zjQW49s4FEy1zRYZJqoKJLWeJ8
1047,0.2,3018,62.8,https://magiceden.io/item-details/5S6WD8EG1omnxA5RqyLcAj8uXgTJSNzjQNr2y9cPQfy2
1055,0.4,2484,67.21,https://magiceden.io/item-details/2UvcTS5jCxpcLxK14tqDqqHXouFgv8tVUQoEEdRJwATb
1057,0.2,2608,67.72,https://magiceden.io/item-details/CsaBww4h1JdMMF7aezEWaZRNdKTgmGvzQD4Yj3AsDc85
1074,0.38,548,90.63,https://magiceden.io/item-details/FU8XpFKwu72chabBKhdzoFHmwTMrMN1vmJGJfm2zq9F2
1077,5,236,48.17,https://magiceden.io/item-details/Dx2idNfqwsChfhKj4S72KsmsXULPshLgFckyUB9xeM5f
1080,1,1753,69.97,https://magiceden.io/item-details/HGGhY7Hy72oCSf3j91bZx5GTfeTb5iaFiB4XVNu1K9gC
1094,0.34,1220,82.97,https://magiceden.io/item-details/Hiefgi2LTppq75LxKVi7nJw4PCcS8vopsXQY6wh5fSfb
1096,0.49,1355,79.85,https://magiceden.io/item-details/BrSoDJRCwGxz8AkvXDCEE6VkcdwhMxvH5FTTpsh1M8sw
1097,0.4,217,94.4,https://magiceden.io/item-details/64PybC9usdUihDeDyUnaHQz8WirncDcnvSbzPwCSSGW9
1100,0.25,1921,75.46,https://magiceden.io/item-details/CifEBjQJAdDRVfDx2f77K8TWqMkfP9PznosnFJJuGFBa
1102,8,1976,0,https://magiceden.io/item-details/7Ug14nqs34mZrsvNWNZ6eMU2m2PpmzGg7eBKnseVxmJN
1108,0.2,2870,64.58,https://magiceden.io/item-details/B8zepVrpT3moCEDVuyxppYgo5igCiParFw56WozLcPor
1109,0.6,2659,63.11,https://magiceden.io/item-details/GG657hKRfQxvjgeJatd2jjSviiZmYUcFZ93dsFtA9Zr3
1111,0.2,2934,63.81,https://magiceden.io/item-details/8tnzURYHm5679DB1QosGrqsUPTJ4eiXWYkdvB5q646wQ
1120,1.35,281,84.13,https://magiceden.io/item-details/5rmYWC7jHiz4BLq5gdnLQ9WSmerUPDAUbcJMQKe3LCJF
1128,3,1006,58.93,https://magiceden.io/item-details/47QfBGQWHL3N7wmFJVTNBoDUTLX9RcjtxywpBidFmQ4L
1129,10,224,0,https://magiceden.io/item-details/JBvj64oiWUebYxm6LAdoRgzAf8hkNiVtMcHt3DiMQgeG
1139,0.22,3185,60.6,https://magiceden.io/item-details/4vdt8p5nwiPyyjncG9rkd2sBL49QsLKfXBD7ArWp5gx5
1140,2,2922,45.95,https://magiceden.io/item-details/wXYC88bupyPQXdcnivd7UkrmKMwdsQhLeBtjRaBvxQT
1142,0.2,921,87.95,https://magiceden.io/item-details/HgsvDZQjaxumBiVC1rJAUCbH9QKQP15QDZiYtyRmgndX
1147,2,196,78.65,https://magiceden.io/item-details/5e7xuqBBC1y4kx8F8myTpEWRm8G8J8Amano9rYsDcfit
1155,0.12,3011,63.69,https://magiceden.io/item-details/JAg9VUJdhBXcwysjNrFA8Xw2YM2LDpqWhoLAbfNFtfkk
1158,1.44,1825,64.71,https://magiceden.io/item-details/H4sbGHzWnbgwJnouHL1ChthADXeioqFirZCgi7p4L3G2
1159,0.135,3315,59.89,https://magiceden.io/item-details/3QAbxPVizxng814t3HXv1ZR9T1qSZoNxpUuWGUZ6KwHf
1187,0.69,95,92.96,https://magiceden.io/item-details/FRz94z4tWSzNrKSPqsVRH3cUW6APvm7A9BXihwWqfKiu
1198,0.5,1808,74.31,https://magiceden.io/item-details/AgGoB1bkWfuAyQsNWP9qdxLf4ixVmfvCxNJFeXDGzHbV
1201,0.44,2838,62.56,https://magiceden.io/item-details/EUPGNezUSJ8Q1eqgwhngLU1unqJiZKvJTo4kp8LY7S6b
1203,0.3,928,86.87,https://magiceden.io/item-details/2dLSBjRGFofXUUZchzYt6WQGJQaqXSsDohpmzcw3BzHg
1208,2.9,102,70.78,https://magiceden.io/item-details/5eLW24V2fQSStjgJEX6ZfR4xuxdeKchkuCqsDF4Le3WG
1210,5,2561,20.28,https://magiceden.io/item-details/CA6aWeWe2L5k16tNEyjoRB9s6dMom1CT31qBhu5d2FmJ
1229,0.8,2425,63.91,https://magiceden.io/item-details/3sWHqxQy7kMZ5dhb451RFDXKSE2Z7hL6Q4WKKDFuHjvz
1232,0.97,135,89.68,https://magiceden.io/item-details/GYKWJdjxJpdNnPguhVqWGJt3hW2Rg9qXJ31T8wm1YPNM
1236,0.49,1005,84.05,https://magiceden.io/item-details/DpBFLr7JVH1gaijXn9hgi9psvCXCpAJyvFtYsyJPjqGh
1237,0.2,712,90.46,https://magiceden.io/item-details/CZYfH9o81m6YHiRRYjMRhuaaHPAmcrLXAVodMtpkJJj6
1241,0.35,416,92.51,https://magiceden.io/item-details/73wwMVt34uTzS4gU34pgYJe4W9Bwc4YrYtpABgYDbpCb
1247,0.8,604,85.76,https://magiceden.io/item-details/9yjbWV2WhF4YuzFYPd3WWNVmWkk9VJ31scSmTtFVoHJf
1252,0.2,2623,67.54,https://magiceden.io/item-details/jkoQJFyhSAYxX5sgedUhPdAmyk2ENCrmu5rfPwZveCw
1256,1.25,872,78.04,https://magiceden.io/item-details/J9TP4JAwwzDssYGvD6gNqFrMvBDyhGnkmQdBiiBxjJzv
1257,3.2,3264,29.85,https://magiceden.io/item-details/Fh8mmPZH9uuWDykjzPGPYBFkxmvTAH4kFbHWpEd4wVMV
1262,0.31,292,94.4,https://magiceden.io/item-details/A1gFTZTp8ANsR1tJaj4rjaxdYrmi55yfkW11fnR12TWN
1279,0.3,2770,64.78,https://magiceden.io/item-details/BfTEu59U6sLzngTEjg5Zb6nHPdqyVtyj67z31EngKZXz
1290,2,2791,47.52,https://magiceden.io/item-details/8RhHAwkJWYeXbhzPN27yDso7y18dcXXGJnnDEmXEBbP3
1319,0.2,1144,85.28,https://magiceden.io/item-details/6UtPSgP96JZNUyL6pKtK8eFdDTaQm8zEsXEMsTNmB3ux
1324,0.3156789,3184,59.65,https://magiceden.io/item-details/1frXSSwpunv8vVEGgq6TNGrCD7uixPgtSz1iAPNX5n6
1327,2.2,73,78.12,https://magiceden.io/item-details/ANniwpyTxhkzCjgxhP3R4rtfnvbqbg73ukbPaQJ5Y4w6
1342,3,33,70.6,https://magiceden.io/item-details/2T7vZmdpsqdsNSRqMaSp9h4BiHt5c9fBtxRQKhcHaYZa
1346,0.75,2963,57.96,https://magiceden.io/item-details/FhV2fmkeGBuRKx5pM5xEoTdz95wM41h4pJcmNiWRwL11
1349,0.1999,778,89.67,https://magiceden.io/item-details/EwP5tumRw2KraLRMHmQPaFEUSrJpxj3YW7cbb7eBny5D
1356,0.35,1468,79.89,https://magiceden.io/item-details/E82MBSDzK3xpprPS6WFTuU853kCtsQuGJrobLqdGSW7h
1358,0.2,2246,72.06,https://magiceden.io/item-details/5PDTRRC5qUD7sjchzTYjmEmDfu5e1qhHc9r8jAYRd11i
1366,0.12,1860,77.49,https://magiceden.io/item-details/Ebc8HLm1Taqb2sNdNJG3A8CBbjH2htMZEecwZw5dLYpX
1367,0.19,1282,83.72,https://magiceden.io/item-details/VeajTRUajfGgFhPys7pvCJ6Caf3metPKZEmDqfJV4mT
1370,0.49,947,84.74,https://magiceden.io/item-details/2U7w95kWrt1ASKimHRFeJJbBsU3PcS6PKg6hEZDHAScF
1386,0.4,952,85.58,https://magiceden.io/item-details/7NrJk4pzyDSZHPvTSBx8HGCfusKA6AmsNSF6VQqpP8iE
1388,2.5,532,69.62,https://magiceden.io/item-details/ELcVFnDZ4DkLdc4dNcq4ujqMVMk3qHtoG9HD7nMcexwp
1393,0.4,379,92.45,https://magiceden.io/item-details/5T6C23mYx9EpCxuzbyLgG3GcQzH8TKhVoXZTTC37FayL
1399,0.4,3099,59.83,https://magiceden.io/item-details/Dzhexfs8wZeK2hbxbLqUjvta7ejLrwY4baTZH5V7thbE
1403,1.25,2053,63.88,https://magiceden.io/item-details/9gTCeT7W6cnoxSeZNof1y5wYh5Hf9S1uFv2MPbrFZSYB
1411,1,970,79.37,https://magiceden.io/item-details/B3Zd9fZVGA3u2YFkwsGozaB6YsQTpVUJ8kY5o5WhqNwi
1417,0.2,1804,77.36,https://magiceden.io/item-details/Gj4QW88k8DoF892ccCnBf9hgajXXa6CJxWh6SNYVk7bm
1418,0.4,946,85.65,https://magiceden.io/item-details/3DNX1KdGpvxzuEKgCLPpXVNgbrDmqTu35bC72hZmjTzc
1420,0.2,2004,74.96,https://magiceden.io/item-details/DRfboDjLFYcE8aH6mfnc53HbUr9PUWmxyejW41KwZgPf
1424,0.9,438,86.75,https://magiceden.io/item-details/HRM8H3A923VN2CVUfYC6dUdHPh2pYxY2RMmBbz71N4rL
1430,2.5,756,66.93,https://magiceden.io/item-details/C3UJRnSXHQTbfeiNYCKWftv8CCWquuFMmS3d5FT4YkfY
1441,1,2620,59.58,https://magiceden.io/item-details/7iN4SSSET2gsQhSLoEeVhaGHd75BPGKbSWvma1LpiXN7
1454,3,1640,51.33,https://magiceden.io/item-details/2xeXLFwdLVkAhZjx6kXgX3pzGKVapUUP6B8VEVHQUpjh
1458,58,325,0,https://magiceden.io/item-details/7SdYzam1dHCdaJZHWYTWiWq1eJw9U94dTSbHR9QiAWNc
1475,0.6,386,90.37,https://magiceden.io/item-details/6JJNBaeNa3Sk8KvyiCBND63jR2oVSW8ZH7D3u6xtA74n
1480,1,895,80.27,https://magiceden.io/item-details/5W1XFLtXLsN7ZQSXJHYUYtiVX4LNGQ3XBcnz7x13LShb
1483,0.39,2613,65.76,https://magiceden.io/item-details/55B9nooo5b3J8pGfwWevHpbt5CKw1kNJjbZcqn4R2Mup
1487,0.43,353,92.47,https://magiceden.io/item-details/GH8mHGqQZE3mnBrqKxjmPRM4M1dT5cg3RhdycfCHKCiK
1488,0.29,1458,80.61,https://magiceden.io/item-details/2Du6si9VeCqy7oAF22GZTfB22u5JmpNoJVRpHHjvAsSD
1492,1.2,2276,61.7,https://magiceden.io/item-details/AzD1LpiYmhDRTvxtt2mjYjUqi4Pxs5aoX1ZjMF44YBzx
1495,0.2,2474,69.33,https://magiceden.io/item-details/CFJeckyESmXFGARKFzCLb9TjdioCar3ksjJYdYYgi5iq
1498,0.2,1209,84.5,https://magiceden.io/item-details/AF8reGparkXqMDzjYFBPUJpBEJDAF1HgfSzU4gu55acH
1502,0.35,576,90.59,https://magiceden.io/item-details/BVKUojjqR22sQPJcJNtbTuwg3UJEDeKSbEpqGLn5P4vL
1510,0.1989,1537,80.58,https://magiceden.io/item-details/5f6NHDCf7a9oya1BCrVDQAh7VckyBL1d4PFuDKkFYFy4
1512,1,2427,61.89,https://magiceden.io/item-details/8mKtDQV1xtEgbgtEorS93xMyUgCJvvqCxJNhMfP3qSVD
1517,0.2,1160,85.09,https://magiceden.io/item-details/4uXcSyTrpxHj84CvXXsrrHuyDMGzUrWwJn8ah7tFEsuk
1518,1.3,126,86.49,https://magiceden.io/item-details/28gj1wAZvjxKritBnzhGX1rKbfoPzSmWJNvV4xQZ7kSv
1522,3,1605,51.75,https://magiceden.io/item-details/DVVq5AHY3YDEgTy2ipQhiK6HAoCfstNJuTzaioesmw78
1526,1.23,1089,75.64,https://magiceden.io/item-details/E8rypgqqg5ZqzTybcRefNmrnoTsSvaKuwbfBCaxLvAVz
1527,1.5,1760,64.89,https://magiceden.io/item-details/2BHh9HV2fPD22RRGMeQDci6e4zPB6wQnURHgJVkueJCQ
1528,0.55,1357,79.22,https://magiceden.io/item-details/j3f3brFkBiwhCEzQHkWF4QzDYbvt9ExiP5po8q7ZYTd
1530,0.5,1287,80.56,https://magiceden.io/item-details/6jPAfbNvZZjdoaqNd1DxDJHKuAdy5F5RsGpr4rCo67hB
1547,0.35,663,89.55,https://magiceden.io/item-details/JEBJfu7XdUPxX3M2LBnTCi2caKW4XifcckJx8TiSL1Be
1549,10,162,0,https://magiceden.io/item-details/3AJDidw8qe4C3zRKyWkjBt6Q5QvfDu7CxQvggbzVgB2i
1555,1,1068,78.19,https://magiceden.io/item-details/7o9vHP8UdWW5PYrf7iLAfQGJeogqhMNY5cddGF63VdvU
1557,675,1995,0,https://magiceden.io/item-details/75jR5rEukMWNTV347utdsFk8E4a4VMBgoTmEQpjQk4Qi
1562,2,434,75.79,https://magiceden.io/item-details/7e67Q6aeKHa25CSsCiQKB4Ymi62Av8zaVthoJwSsS773
1573,0.4,675,88.9,https://magiceden.io/item-details/DT5vP1uKqjRcA3vAiR2L2RgagdURS3qhAERHC7vuW3ec
1575,0.5,362,91.66,https://magiceden.io/item-details/8rUsFhCPdw21j5mjrvmLeiHez8fExLQ2NiU8Z1npmurd
1581,0.35,2413,68.56,https://magiceden.io/item-details/5LJ12f5hsTqjzCxR7JFDwW17hbK4j7DJaWbWCr9hqEMp
1583,0.2,2989,63.15,https://magiceden.io/item-details/55LXqqpEtGnvfcHhauEo6UNp1nxta7f41NicMPnrjqMf
1593,2.5,1374,59.52,https://magiceden.io/item-details/6ZjCJwPw5nHVGJ6gnXsjApf7XV9SEoWXyjkh21j1J4nA
1594,2,1629,61.46,https://magiceden.io/item-details/E9WQVgHqSwKwxbQnZiKfrtUaBcV1TEYXJGJkUic2Qibk
1602,0.15,1776,78.2,https://magiceden.io/item-details/DZwNm31koNkjxh7oFkr82ybeGRstXA5aaWYL7yVxQB9a
1605,0.7,3085,57,https://magiceden.io/item-details/2QcUMWrLfmv31Gd8dydcZAvjXuAiVTMZPEDyAoWYdig9
1607,8,316,17.21,https://magiceden.io/item-details/6nvAyRW6vXHBtLiXDeFJ5C2diM5aJaZGRnQS6GD2LBPj
1614,0.6,243,92.09,https://magiceden.io/item-details/J8wcTFCRrbMmDcmNMe8gvTKTtrnce3pHVAThagn3qz6n
1627,0.2,964,87.44,https://magiceden.io/item-details/98TYjSDs1jk1hPPCbLWAnVy1oqthJ2xacPe8rYJTnqRq
1631,0.25,1524,80.22,https://magiceden.io/item-details/AzyZPJpsfRNmLoF5pqAzm7xLgNN8pW3jBYbEuafjK7TH
1636,0.22,1749,77.82,https://magiceden.io/item-details/GDG4iqkiuRvJjnC5hdU4epn6agKXArpEEBzqhskWrfAa
1637,0.54,276,92.29,https://magiceden.io/item-details/3tidXbUscGE6MGVf7qYEkVifB6cVdP6GgVBZCeJsmv9T
1639,0.2,3212,60.48,https://magiceden.io/item-details/4aq6Kyt1rJCWR36ETkg3VgUsRJMx7TVFpgeuCRB4g3nQ
1644,0.96,289,87.93,https://magiceden.io/item-details/H3w9ArdRBBwhAnngtRsKjwBW6kJGRa8SGGPm34i8BLu3
1652,0.189,1927,76,https://magiceden.io/item-details/J3WsNSM3u2dEVHQfWf2KUePryRJZvVuuzvbuCTYLcfJi
1656,1.5,1697,65.65,https://magiceden.io/item-details/HFwjcyiPwdqrxKkSaLPixVHEJNb1icMYwJvxSbwHVjqh
1673,0.9,177,89.88,https://magiceden.io/item-details/7DnHMuH7pMVtVQCaGLBJu3eL47CHd6sUfK4g5J91BXbD
1678,0.23,3036,62.29,https://magiceden.io/item-details/6KjrXWR7rF9CELmSDMrQ6Z46gy3VfuJAjfiDWfY2WVU
1695,0.1899999,3049,62.53,https://magiceden.io/item-details/HLZpubZxchxXHzPp2DqQQ6dXWEBj5NUYFmDtUfoS372S
1707,0.3,3095,60.88,https://magiceden.io/item-details/2wiyECK3nJh223VvrCWNRdaZRuRrvQu1tyaBQkmGDg7p
1713,0.12,1946,76.46,https://magiceden.io/item-details/MV2cmUJrLYDtPjJAQ7poESgYGHSXuGNR7wzU72Cp9Yy
1721,0.152,2909,64.59,https://magiceden.io/item-details/2fDCB9ecVhBN4F6ZSPEj9SccdZHftCBheFMmGJTxACoY
1724,0.25,2322,70.65,https://magiceden.io/item-details/7iGcDwxtrEaY2R5LAMpvdxVRXry6Fq4ebJwAcptcApKX
1736,1.0222,587,83.74,https://magiceden.io/item-details/6vWLrBiqnLaHa2PPTBVFfHfTqxPXNd369Ug6dQQL7i5s
1742,0.12,1305,84.15,https://magiceden.io/item-details/6rniueTymEjLYHAPFoAkXZmHzSmuMZNSeEhrR47duGi3
1751,0.2,3277,59.7,https://magiceden.io/item-details/7Ghybq7JSyMs7a2t4MVt1WsVQ1rEiMiqa2ijdM5fjHRe
1755,2.5,18,75.78,https://magiceden.io/item-details/DuCu3zH3Kxyvmb23Uv5hCeUZ4iX2Dp4rPNDXrqdTz5Vo
1761,0.3,1660,78.09,https://magiceden.io/item-details/6xfqatPA9vGt2PDJrGYnDbodE27aZVBuTPPRjxRdWnR7
1763,0.6,58,94.3,https://magiceden.io/item-details/81stqXmZHjKtmouKTbVeYnpWdeqz5xKJUFgipbyJTpUW
1772,0.45,811,86.77,https://magiceden.io/item-details/BzusDpsbgR9ZyDGSFhcRTLRzfic4ocCRNCuR4AdKCaXJ
1776,1,226,88.29,https://magiceden.io/item-details/3jdfJ4XhfDLPfLVC316cF3f6ZRXT2EAQik5fbwtWfBWb
1780,0.5,1301,80.4,https://magiceden.io/item-details/3oGgt1a1B5G8gL2ppX1S8U4PHsoRkkkTYjKwnYRjdhwz
1785,1,1454,73.56,https://magiceden.io/item-details/GHGnt5j3uLcgd7bKoNoTGb9Lq7js34HSyBnjVFxuLt3f
1788,1,1048,78.43,https://magiceden.io/item-details/9DSnNz8WRjDHDpxjJaoVwMco6tVfs9tm9R4Tvc8YWbzM
1790,190,1221,0,https://magiceden.io/item-details/GPEsmjqi6BkCcC89URFht8YuJZZvUvHHujVMZKPMPQ8v
1793,3,2747,38.05,https://magiceden.io/item-details/EJgEWD1Bt2azpMaduy2e4NXuYyNRZ5TvjdU5YnZ7kB69
1794,1,1061,78.27,https://magiceden.io/item-details/Hgvp2KmeBc93U4DEMzrKb4eDUEAAMw7WxkNEa1TVfVPa
1797,0.4,1738,76.15,https://magiceden.io/item-details/315Xo91u5RTtEcfychcywW3sLEmJGzR5iaJJ4HKSQ8WF
1799,0.2,3008,62.92,https://magiceden.io/item-details/RMExRFoFuKMRCJhVjVNkUnfwAhj85Kejouy2ey2kNdg
1806,0.6,808,85.31,https://magiceden.io/item-details/AJFqES2KVVpppJBX2YBBP3rt7CtXXxtPdYSneZ1X8qdJ
1808,1,1273,75.73,https://magiceden.io/item-details/FKyKkNncAh3jijas8qCzfvteSEWXjRqTZdroo2BA41Pn
1810,1,1618,71.59,https://magiceden.io/item-details/4Xv27MyvaYC5sap7SW3ZVX4aoTStLTUMDtbpjBUMowWp
1811,0.25,517,92.3,https://magiceden.io/item-details/GSk4BMc5Zhs4uXYLYdQV6rLCvagoFR6bTRdVNWWyDfnL
1818,0.55,410,90.58,https://magiceden.io/item-details/A4ZKgJXbUqeGm3XQZG3KjcpWa5iTBNSTA3o9Y3jHhG7n
1834,0.4,2636,65.38,https://magiceden.io/item-details/E3B24FMNy26PcGXRbu64N95ZdjVcS65aa9QcXVdahHTJ
1838,0.18,2880,64.66,https://magiceden.io/item-details/BTHDLogELw1Q769bir5KQUutyeMESkwwBxKieFTWFzip
1840,0.149,2516,69.33,https://magiceden.io/item-details/C4bpjJ8xAEssp2wXs66iX42UjyhjJczYBVijwckv4HP
1845,0.198,1681,78.86,https://magiceden.io/item-details/HXmz7MU51WXpUiBRtAjhw9v98NxmohSVpQfZTD2nrrzP
1848,0.2,638,91.35,https://magiceden.io/item-details/7GUwu5Qhueiet4YszhhW9t7mtTmusttR8bp6dZNELDLx
1858,3,2347,42.85,https://magiceden.io/item-details/ASWoHNFEPf1FHYUBhiMUWQULuMcGk9LsF1FfyJ4jJEPZ
1863,0.25,2799,64.93,https://magiceden.io/item-details/4yE31vJHfEnrhL1MhueBjd8hH1DaLuuFQr8nqMgH5cMc
1880,0.2,2522,68.75,https://magiceden.io/item-details/BE67Vv3X4dTq5W2FRQEzJgLbeC8u1Zkw6AwghfyFMxgb
1882,0.5,1714,75.44,https://magiceden.io/item-details/ALHBM7riJjNrUSNKT6aqyXBioCa94yyMK2RTscW6D5Sn
1883,0.85,1450,75.11,https://magiceden.io/item-details/HJTH4WKUK8dk8mwAVinwyQL5EQ4oQCF5Ut5UiYgjcSzD
1891,0.25,2820,64.68,https://magiceden.io/item-details/GCf89MH5Yzc6bpXE3Yzbs6jRKLU55gQ5qKCrYnrjA1tw
1892,0.12,3024,63.53,https://magiceden.io/item-details/6F9MbV1WMUbyuygqqSS3NhdYgo1SkSEEE3rdF4djoJA8
1899,0.55,1078,82.57,https://magiceden.io/item-details/Cch3J3FgJ2cm5xWCeWuPbBF7M498n4bK3PF7y4TvKSRK
1911,0.172,2174,73.21,https://magiceden.io/item-details/GrztsZzj5HV7RD6EcESTpQ3m7oYTESDrvgoGpixJ3pFK
1912,0.2,2073,74.14,https://magiceden.io/item-details/HwxxvpzZcYWTCEwJffrovaprgDNyytx3vZWZ54FqsykW
1913,0.4499,2524,66.23,https://magiceden.io/item-details/GcL3UHve4dHhdk7pyitybwLJsDzmDRgmTPD7YaH1n96P
1922,0.32,3290,58.34,https://magiceden.io/item-details/8W7z6i3Nr7bEnJZiDgwooR7ySNAdDTYpsGH6wcMzpcNA
1931,3,2983,35.22,https://magiceden.io/item-details/F9QtPXRUEE3dL1TFDrsoQ8VoY9GHDtfuNfaXeZ51WR8y
1952,1.2,871,78.55,https://magiceden.io/item-details/5Z4Uz6sTUTiJe3cXFmDdsA2jACLjbBdc8BrD5JWS5EQe
1960,0.35,1053,84.87,https://magiceden.io/item-details/J2tWqoy5k4xmyr8syfyGvuPu55V57Q3HojuYkhL3rL9m
1962,0.49,877,85.58,https://magiceden.io/item-details/4TXWs3XK5uzk1UkZcbpzs9TTWKacXtyBBhsrKXZeWKPJ
1963,0.5,1372,79.54,https://magiceden.io/item-details/9eDQmRiFNcgYRCoYca1YwSEdGRbyGPFK2URtxwvevpnu
1965,0.188,1054,86.48,https://magiceden.io/item-details/GgRq51qmMvmcMFkRTTHK4B6VJqyJW8WERK5R8rtk1GXr
1971,0.13,1579,80.76,https://magiceden.io/item-details/BLeYe5TSoMRrQn3HhVz57ezHgvS4kwSYqDRc6AvB6uAw
1973,2,1827,59.09,https://magiceden.io/item-details/Er6tyrgYqUH4ziiR4UV7MDc96uNZtG8cdutKg2Wu7h2c
1983,0.39,349,92.91,https://magiceden.io/item-details/CugxB1GFU7ywnM5pqjFKGWrc7JQwntfEoMZeysEb8kqF
1984,0.5,2031,71.64,https://magiceden.io/item-details/DhxY7Ysg5YHRQQgMycfQPYsdWa1pG5jv2ChHURBM44CJ
1999,0.69,457,88.62,https://magiceden.io/item-details/6KxGxF7fRAtXVTVCAHWcaFbZ2f3HqkRyj4nX443v9cFg
2011,0.95,3228,52.78,https://magiceden.io/item-details/6dRFZMEmFUj9Mm8Nr8zgGbnTE5wVnouYSvQwHux7qga6
2025,5,3168,13,https://magiceden.io/item-details/2Q6uPRi4PXZrviAGbanUmW1wpTNeWDrc2LohuZ8ZdUFU
2032,0.115,3263,60.71,https://magiceden.io/item-details/7vkRqkS9AjfA9KkGWzE35gjZdJcFK8KtkB2Awsu6oECj
2048,0.96,2325,63.51,https://magiceden.io/item-details/EXFSCAxjZFLk13W1URotJpEuutCTGfLoaBm1RjWhAWhM
2050,0.2,1020,86.77,https://magiceden.io/item-details/7XM9nENpGK81fo7HNticDYbLuAyVnYxAaPiybpGtaN2G
2053,0.2,2936,63.79,https://magiceden.io/item-details/H3pWyKV44NXEhY5Rwp9b3tNqq9mUiH34mtctLPmdq4ez
2062,0.6,2165,69.03,https://magiceden.io/item-details/FvPBpDqNGpZvqcDFBhYdWikGoZoQDbZnXZtFdQQnUfSN
2072,2,989,69.14,https://magiceden.io/item-details/6Tz5APYNNBuThoZnE5VvAoWbNVBiuq2QHKR79rWZNdZy
2074,0.12,1908,76.92,https://magiceden.io/item-details/FtKnS7pQzbiYf5TPSnqYQgabFjHHE4LxcQehPY9SXbPs
2079,3,1686,50.78,https://magiceden.io/item-details/4r5cYwy42wbV4yTfz7GCtSAz6yrKsKgKN16CmjV4E3Uo
2086,7,35,30.58,https://magiceden.io/item-details/7vbgg7U7tdB7gW2GJvvPvMjjUb9Hui1yfka1hnPqrRkZ
2093,0.3,2331,70.04,https://magiceden.io/item-details/CR4cYcpg2kExaKWdbtCu5DAabY4kWsVFz5xdfx9vt7U7
2113,0.28,678,90.07,https://magiceden.io/item-details/FeV86XuqQ8RJTtUrkCbxCNMKg1V3VviJFNbnbWMk2VR7
2118,0.5,3094,58.89,https://magiceden.io/item-details/CtGw9oBstFuLtRBJJvshnWWcjHy7CiYQ8izvUbSxAyB6
2119,1.5,2344,57.89,https://magiceden.io/item-details/G9bVyqfz2heLcwYzcNMDwVix8GN1nsGp9aopnAKYShvZ
2135,0.23,2702,66.29,https://magiceden.io/item-details/2y2W3hoDSsiudC8vUVxzwP89iJScCnHTjkPuRDFhfNpw
2136,2,727,72.28,https://magiceden.io/item-details/2BYEAFXTd67ngmCXhWGLvebKRA5WLSS17mgo6T1Lfwgj
2138,0.29,317,94.3,https://magiceden.io/item-details/H9gDQiyxYjz7kDSZ5qjrS3ZR6BriH9iaywtJvuK3ARgZ
2140,0.25,2830,64.56,https://magiceden.io/item-details/5f5fMJTu51yKUADPrkd6cz6c5uhqfePSSxwhDteCV6Wz
2158,0.2,2693,66.7,https://magiceden.io/item-details/2vEE5aku9QzhEJCo2kXCWzVn8KZ9r6cidczM2PA1rBox
2167,3,2249,44.03,https://magiceden.io/item-details/6eP6nt3ycPfYViheQADqWFhqxwfYJexavDpZ8YrjmgPb
2170,0.5,1652,76.19,https://magiceden.io/item-details/HYHd8koAHAoCF89P8CQMckU6yWuDQX4Gi2VaCxGfuMVR
2189,0.57,1985,71.49,https://magiceden.io/item-details/2KKYN2PG5qUaC7DwvkBguDZzGFhT9PHxt7htZJfWQhXV
2190,6,446,35.65,https://magiceden.io/item-details/FsGFbC7u5sseWwrSKmezJk6Nz9h6D1nCZ1hvSwpU7xTc
2192,0.25,3301,58.91,https://magiceden.io/item-details/Ad6rREJPDJxXrZDykiNCQuzGE2xkJVVJZe1Ab1tyg1xW
2196,0.2,2232,72.23,https://magiceden.io/item-details/DeECgTksbhCxN1puWoN4t5XCRxetxVJAXdjK2Wj2jqSL
2199,0.35,2170,71.47,https://magiceden.io/item-details/AV4Q6qW2uVTSKKe5nneuc8WfR8c2HAsyKXPG7rgMSr3g
2205,0.39,404,92.25,https://magiceden.io/item-details/E2kZN7sWnveTdgJEf31E66yQxahDhRoC9g2cmCJKnW4g
2221,840,1768,0,https://magiceden.io/item-details/14DubZZb7h1T3u1xf8DqJVV9yjvACXaeUQ13YjZjvj98
2223,2,2930,45.86,https://magiceden.io/item-details/CZb31GsTwfjtwWaQYNiV5vdMXdA13CvNS2wy6YGvPrm5
2224,64,465,0,https://magiceden.io/item-details/Fr8EtueMBCpHSaJgP6QqsZW2pyCXF2gBH4du2rBk4aWo
2230,1,1667,71.01,https://magiceden.io/item-details/FszXyooSUHqRUMWU3gkNpxSZhShUwA2Yq16tPEUy5M8f
2234,0.2,1378,82.47,https://magiceden.io/item-details/9z4Pb6Z8kiSohdgV1sjeMpvSZPCGMzqphjbV9RzyTFcf
2235,9870,1732,0,https://magiceden.io/item-details/97R6zyD9PcefVjf17XzapGLnegHH8EpF3SgDKtRDC5je
2245,4.2069,1311,43.21,https://magiceden.io/item-details/8G992qADuDacuzRS5eep2qoGiAbcJ7JvxbURbRebXKbi
2248,0.89,889,81.44,https://magiceden.io/item-details/8zKFAB7C2mv3TyNMpLQyyy1UHbkAvpGAsnLfdgxf2D7y
2259,0.5,579,89.06,https://magiceden.io/item-details/UdM9gShvPdvJzeGWYpX364FaSXQZwnHRS2vcHs9RqQ2
2261,0.12,2514,69.65,https://magiceden.io/item-details/E8mHjNkuz4RddrscYVEybAw7YPZyvBao5Pa2BGQHPAG4
2263,0.25,301,94.89,https://magiceden.io/item-details/CghuiwKKKCHzA87yKJKPfKKLQGTRTJL6ZqhqBHkevBTM
2264,0.25,1639,78.84,https://magiceden.io/item-details/gYR2GhzjRH7FpTK4iNb28r3eSG3ZvweJ3BeAeaJxjwm
2266,0.11,2155,74.05,https://magiceden.io/item-details/EN2hEVDyPVu7BHJ9RKw52m8aYW2HUEbEavCBPgDM75HR
2268,0.25,2551,67.9,https://magiceden.io/item-details/B7EefjYNjpTVhjTUkVzkXQgcVeAFfUsWGWZjZ1Qs2pTb
2270,0.25,2026,74.2,https://magiceden.io/item-details/DvsnfArvUYX72qtB8DurFXNJDpwPRPobhfGdbbsgSThw
2281,0.12,3240,60.94,https://magiceden.io/item-details/6tD5qzzDhETZJfg9tgWakuBsEJu93FZ2WrhrhEqzYnbu
2285,85,1213,0,https://magiceden.io/item-details/GRnnm21fRa61FECTYdV3VH37eM9TARvdGH7nfGYYF6Rj
2291,0.19,2753,66.08,https://magiceden.io/item-details/CwKK9pqfFHPhrgoad5o3ryfR3BqEkMekdoFPS9qdyR41
2295,0.42,2264,69.65,https://magiceden.io/item-details/2GwnjKaLGyJNt5yzMK39tMrTz6V2grSvSG4tLjHxdjMj
2296,0.12,2611,68.48,https://magiceden.io/item-details/64DCTXwnGXPXksX4v1FZm2rY7DArPiu6pUErh6wB1db5
2302,1,812,81.26,https://magiceden.io/item-details/3GtbXLnhaPE5DxBA4dVPiLcnGN7aAQwzv9hStpGhbsYe
2303,0.49,2417,67.11,https://magiceden.io/item-details/GjZx9zKqKSNEv41xNzM9ebGbD2WgTwcEPM3pWbDUFjuB
2305,2,432,75.82,https://magiceden.io/item-details/EgRDBq4tFTDb7x7crTxtAG4UY62kryDS8dQTErPAfoDF
2312,0.19,3200,60.72,https://magiceden.io/item-details/BT9PnH69QdkQRYvPLKkV7SSWvFrXv2ib9S6YEr5VRJtA
2318,0.2,2450,69.61,https://magiceden.io/item-details/7xno8b2cKcTZh1qzWDP5GCiNxa8y5xt9Ff9p5JsXxqV1
2326,0.185,2567,68.36,https://magiceden.io/item-details/CZGXo4uCXewhcKL5AzRsXbzqQaQvsrfyxRf3C1jVYd3b
2340,0.8,1175,78.91,https://magiceden.io/item-details/7YG1PDySUWDimK6Fxemb3XYpWWBjKiUEzhZcFpWKY32v
2345,0.5,864,85.64,https://magiceden.io/item-details/4JDKWasUewDpZBTJWAiLycKmdwv8uFQq2c6b55UYztXK
2350,4,2828,27.08,https://magiceden.io/item-details/CcKZ1CNGNWuBmAYKQADiaqUcrMPtq8uvuqcuxuU8eUAM
2355,0.39,103,95.86,https://magiceden.io/item-details/BBedwJ17h2Ld2xgGG3cZ2av8R62x4WRxrAEusdZdVm5V
2365,1,1696,70.66,https://magiceden.io/item-details/3dLryP2qQ7mVXDni3jjL7RFUNmu866MEeqGboDLLHYWw
2373,1,1168,76.99,https://magiceden.io/item-details/6Gy5DVY2EX3uDQZTS2xao7cfvdZXFuJpKJFHxKWzGwrH
2377,0.117,2555,69.19,https://magiceden.io/item-details/E3r5kbEb4ykHfeLm2PKNUidXvVfhKQVDsd32xpdEz2fh
2381,5022,2324,0,https://magiceden.io/item-details/CuwCh7gAiynBbP1mTB1oX9bPGDK1zkgzviB437QXSpRs
2392,0.5,2978,60.28,https://magiceden.io/item-details/EDKM5mCkSg2ALLnoNga4mkmTMBC8o1jJjtzC6vT3RVqL
2394,0.112,2589,68.83,https://magiceden.io/item-details/3KtCCakVv47TWqBcg98DwWKVz1WMKGqaf4NCvMSuW4o8
2397,3.9,651,54.19,https://magiceden.io/item-details/3h7L2RqdbWnKgPDU5Jp4rr7QkUFzoiYgJBQN9E44nhPM
2404,2.5,3083,39.02,https://magiceden.io/item-details/HyFipjq48zTaaHUyXZKyDJ8ZCGYrSEaFWHBDvQjcVdPF
2414,0.188,2268,71.92,https://magiceden.io/item-details/DKhPyKRTfV8zmaWc8ZQXjkkG4ERgunBKkN7TuSQz3bJ1
2425,0.199,1059,86.31,https://magiceden.io/item-details/6fTW2XW5AdKfheCbjJFtmmU73wcKUb1CuDhaPTN3pj9U
2428,0.2,1082,86.02,https://magiceden.io/item-details/5bX6EzrP9cDcR9vmxJ9RsFRLguc16Fif68fbF1dBSESg
2432,0.96,181,89.23,https://magiceden.io/item-details/68S1YJwgU9GJkrFCFBLqoKBt9JHnmy3DEPSjWUZk7HHE
2436,3,829,61.06,https://magiceden.io/item-details/HWkZSomBtjn9XeNAQuXgtCnChES1cUjfCyLfpjDZ6Byr
2439,0.7,300,90.4,https://magiceden.io/item-details/AgNTNwuC4LTV5VjG2FaL9zNDTRRkP9nAVAMGBM9izkc5
2441,0.24,1390,81.93,https://magiceden.io/item-details/HxvYXYD51mymucZmQv3RJrCnTQ4dirpkqAHVTwBTpC3z
2446,0.5,2811,62.28,https://magiceden.io/item-details/8pHVc5hbvB8WjzhxMehcXkCXBm5h5cv2jiJAfCMHcjpq
2452,0.25,1422,81.44,https://magiceden.io/item-details/Gdpxm4G5BEd5LoMPMuWyHYRvbLx8tUmUWJUCXrKHKCBU
2456,0.4,2673,64.94,https://magiceden.io/item-details/4AURvGEtgKtR8ZggkosDhg826XLMo5TrZ8H7TY5AMFUv
2461,0.2,2348,70.84,https://magiceden.io/item-details/3Dx6DfoY2sxZEGRgHF4i3oukUj3MxZq3r7M1PFL6vh43
2464,0.2,1547,80.45,https://magiceden.io/item-details/B3ArzCWDaZA8pYv9CakZSDZigArVy3gQqmsC4Dm4myMe
2493,2.4,172,74.94,https://magiceden.io/item-details/EjVNA3BKXyosDuwSaSJsH8mD7qMKHbokP9PPYKPJrkxr
2494,0.25,2829,64.57,https://magiceden.io/item-details/BhznQvqqSvYAJCTwcercZc8RfDAuguBCn9kzT1v8WUMm
2502,0.45,699,88.12,https://magiceden.io/item-details/2bJnfVMsWzgsQCpqkdMhawLfiVGCHyvjyVxZ4b2b8m72
2509,2.8,293,69.49,https://magiceden.io/item-details/3ZMcqncToDRPemUFDWvvj7VXMuZrGRBvcDy5c5oWncQq
2512,1.95,294,77.97,https://magiceden.io/item-details/J5iev3DPBREArMpayhy3AS4G94ePn61osY5god1KpodT
2524,0.25,998,86.53,https://magiceden.io/item-details/BboXQBx7HFvvTAqmoWXPqcn4cmXayYw94BWMwT7QNjp6
2530,0.49,129,94.55,https://magiceden.io/item-details/E8woFMtvRsMJpab1NrYTAtAyPokV2bjdv3DFiBPPiCZG
2540,0.109,2430,70.76,https://magiceden.io/item-details/6aH9fbDAY7jhHqqkTiTg1i5Ceawds3SqKnp8oCnp9GAC
2548,0.116,2257,72.77,https://magiceden.io/item-details/6ByitdF17uQkqdMaL96J9BnED9MpLGYdW1B9fUDLqa4G
2549,1,867,80.6,https://magiceden.io/item-details/FiGoRoUg76C5mv1KnpHEU6pvyVULf4LuftVpNyFTGHsN
2558,0.19,2823,65.24,https://magiceden.io/item-details/8o5P4XEzBRdrXzcLh93BjnhuzQd1QRTQmTXCghofAahE
2567,0.1,3244,61.09,https://magiceden.io/item-details/9PSCBfrxy8i5KBBbpU7WN9ULFwFDdQAkQWzTq48gbeRh
2569,0.19,1255,84.05,https://magiceden.io/item-details/EqwM5kQXcyNmfg61GADLrRjwdHFXRGwuBokK9HdaCpBX
2572,0.3,2944,62.69,https://magiceden.io/item-details/GHKpCnfLS28QRuiiFGebW4ia8pFJDM8BMXEJjPKVfiyX
2575,0.99,535,84.68,https://magiceden.io/item-details/7xTC6L67JfSZyyPVmVeNmQpCiEk1YbKScd6SabU1PCiQ
2578,1,161,89.07,https://magiceden.io/item-details/2rHcsS6Ny7njJGpS2iN9Hdmr5BEz6XKBs7CV5UoGpcsY
2587,0.11,1192,85.6,https://magiceden.io/item-details/HxxBpB9qWr11ViW8r3w9b28TPsGAFbnJkWkPB3vZGASt
2588,0.25,775,89.2,https://magiceden.io/item-details/5PXcYQPQWm5ZT3co4NjLGnXvAxqYgUYE2MdS5AyPBJAe
2605,0.349,3296,57.98,https://magiceden.io/item-details/CZoo2uxP9115EUHZbPcb73PFtg2CERwviY3goNpQsk5n
2612,0.152,2476,69.78,https://magiceden.io/item-details/7f4DxZS2EtwDcTBuvecjTi1CEmc4PdxeHYhbFXKFCqER
2624,0.3,1887,75.37,https://magiceden.io/item-details/Jt4BKGa21RH4VvbJjvFb8HMFKLsRm3iUWamyFBTkaEr
2629,0.63,649,86.92,https://magiceden.io/item-details/3FPhvY6ke9MvcCQ5DLntUjLEuXNKTb7ackZKW1eemmvE
2638,0.113,1588,80.82,https://magiceden.io/item-details/DZrRNVwRxHsjbGRo5FQC9pc8povE6LdPVwEgGzPAiA7T
2640,0.25,1769,77.28,https://magiceden.io/item-details/6FTMbdqeaM2AuTtKuaiReLZzB4ZAhaGXF6PAYhi4XxaX
2641,1.39,1264,71.94,https://magiceden.io/item-details/DrwVNzKxnYVbot9gJNF8znkXLZminMHdsXgBbjvdzvpq
2665,0.5,2059,71.3,https://magiceden.io/item-details/9ZgCnnVat9Rc2yo1JKL76zrnfTnnwkRWwJhbu4j16zg
2672,0.85,3331,52.55,https://magiceden.io/item-details/2GcBPtJbock4WmVqsEPdPdZ2Yv9cW4iU3YYDF3MK3XN6
2673,1,1398,74.23,https://magiceden.io/item-details/47k4Ywr7pRwGsxtb7Uab5RuU4seYwCqRunb8SoKKLTHG
2674,0.112,2202,73.47,https://magiceden.io/item-details/3GgFoVzWrePo8kJZhHJs8dCYs7ySoF2nvzwbe34vaXUJ
2675,5,913,40.05,https://magiceden.io/item-details/9uLB8rGGhrLbktixBeUNw6JGedv8EJqUBnXUryqxqHCy
2680,0.2,2709,66.51,https://magiceden.io/item-details/H7DeGrQuwW1dYHPpi77sCFXnXUgLZ4Rc44VQXwGVZ8Yo
2699,20,2421,0,https://magiceden.io/item-details/9nzdJfNV45mzgiQrXTDLgMH2f64jsWsPuBwykGhS6Ruo
2702,1.75,571,76.65,https://magiceden.io/item-details/227HeVhM3g69L9L5SYRG8ve6YoBLkFG5QipUT1Dd6KuB
2706,0.22,1110,85.49,https://magiceden.io/item-details/2eZzMdkBTXKRkmSEN2gvV7LcqtuNYHnyZg5V5QWEgjF7
2714,1.45,603,79.27,https://magiceden.io/item-details/GaRphZUQVCVYWfwWrxTkjQennJF4R3FvtW9i5z6ipB12
2721,1,1411,74.08,https://magiceden.io/item-details/GToEesvdGwiYnFR3ckLekBRPFWhcyA5gBZdo5qfzCf4W
2722,2.7,1116,60.61,https://magiceden.io/item-details/7garBA8sheUfRxcoMLUPH1mSvP7RdfhQZUoSV6aSHDrm
2727,0.19,2998,63.14,https://magiceden.io/item-details/3c5Qiw3EnF8cndmD5GUnVBSxEzqSxXi7BFfuYYSczddz
2731,0.45,483,90.71,https://magiceden.io/item-details/FQ2mXiwG6S48p3NdWSLkc4aYbT6MK6CS9W6qM1KzvB8x
2734,0.4,799,87.42,https://magiceden.io/item-details/6DwmXVhSr1GkaNeuugN1SzD6LsM6FSyYXzfFhsChZJ2h
2737,0.111,1844,77.77,https://magiceden.io/item-details/65x4tA3DSwwFkvjDvPBJ1kRFoX2BW3KTVksjHdwLeUqQ
2746,0.3,1643,78.29,https://magiceden.io/item-details/GUNMTjDmrVagp3sXYMCLjA4MJegi7CGWwJuVEA1m9s3y
2752,10,48,0.42,https://magiceden.io/item-details/AfJ79bFkeVUYazEoo8VeyBxymnewUA6zEFPS3Mexbio2
2769,0.3,1002,85.98,https://magiceden.io/item-details/jLJZb41geUb4Y5r8oxxBFT7GYjTbBbikXW29vrVmVka
2784,7,874,20.52,https://magiceden.io/item-details/FcuN5TQB6NLdT9KZ7EQb2dFjwrWPECnNgALuhRU2jqvf
2788,0.34,525,91.3,https://magiceden.io/item-details/3fwkszmygZeE9oDViCEgVfDsLDXaNSBU42ugdt7BpWd6
2796,0.11,2372,71.45,https://magiceden.io/item-details/c317feLyWT4AjTmBGQ15d2QxT4wYk4WHURXtE57v8GS
2799,1.2,1086,75.97,https://magiceden.io/item-details/8WzGpYv5r3h3FGm1WEZLEMy7bRC5yNwA5zzkzCuUUEhR
2801,1,340,86.92,https://magiceden.io/item-details/6cuAtpxNM1cCnF5yyaqQQVbVtXD9EdAzGJLiZDyg3wC6
2808,0.5,2163,70.06,https://magiceden.io/item-details/D7TScNf1jhTHFkTyLoz1roWV6CdLJUs3gv89x3Hk124L
2818,3.3,2573,37.14,https://magiceden.io/item-details/Hn7kezDYiagVVTxMLw25dz3DC9iJfJC1HZ5T49SLtYN3
2819,0.3,1181,83.84,https://magiceden.io/item-details/DTwDaurHpsdCqmXgDhyWdpkZBbycqVuegceGYN8FugUQ
2828,4.25,40,58.02,https://magiceden.io/item-details/DGy2R4kHfeBinK81bVkr9MrWNE67dtjRZiKjvqUn2nzU
2831,0.25,1541,80.02,https://magiceden.io/item-details/HCkju8Vv34pb3H62Ysde4VXDhxTFeb8CS41vwJ8z6EPC
2832,0.179,737,90.37,https://magiceden.io/item-details/JEDQVWC5KLMaLi52dTsVSbnJrusYeyx3w55a6UpmsnqV
2844,15,61,0,https://magiceden.io/item-details/447ucLspb2MkStFk1bimCWe9DvPNgg3DmvVWXqG5nh5K
2845,0.33,148,95.92,https://magiceden.io/item-details/wy2c4asei7B1gJDcpd8dar7D1rFCZA1e1c5pqbqpLvK
2849,0.109,2361,71.59,https://magiceden.io/item-details/5irkGq9ahdrX1VUwGrYxMkXSZwz9cJ6M2QGnwgkD5sNo
2856,3,376,66.49,https://magiceden.io/item-details/48QgaegN8XMxNFkUMev3iXgdAFbyPD1zGVZjrg53acPV
2858,0.53,462,90.16,https://magiceden.io/item-details/3rEiWatpZSgx6z9DdaNAcRG4EsQ1NTPKgLBCbU5FSUUB
2862,15,45,0,https://magiceden.io/item-details/A6zMYwxgxxu3Jmfry3Dy9oNnUjMknwRySoCmbtDD2vHW
2863,0.179,736,90.38,https://magiceden.io/item-details/D9RdvKEoZyYP4sCNSmfzznwYrjVihX3BwEUy62xjXgJ8
2864,1.69,17,83.9,https://magiceden.io/item-details/2xBxBUxRaC7oroMRGuQ8WJ5sybok9rwKSn9m1W8RTRdE
2866,0.25,1433,81.31,https://magiceden.io/item-details/3p1HLwiddFYfkci5jk7UnEmuqrQYuWBjQV2jAaBKqBVb
2871,0.5,3234,57.21,https://magiceden.io/item-details/3k6hBfqUthWnz4JYbpWP71MSjxQ14WPBewTMYvRvTuJ3
2883,2,435,75.78,https://magiceden.io/item-details/DtHiNV2FCLf47qLaeVjZ5bAwhnHWP22jEVRMyNkoNLiq
2890,0.109,1236,85.09,https://magiceden.io/item-details/GWH3U6KoGHFYmW6fSFDa3nE8Csw9PL1NcHMZLUudkKmt
2909,0.108,3216,61.35,https://magiceden.io/item-details/7b3i7fZi2sdFgjtqhHyNupjsKxYre7d8VdWtKHvrcU38
2912,999999,2848,0,https://magiceden.io/item-details/DpNu51LsyMZxQvSq95m7GJGUKHaZfdmD6BLvXqb2T8tH
2919,0.25,1816,76.72,https://magiceden.io/item-details/D6jLXie2zTAahWc8kPkTBgmHXqCeJbaqVgAoMgyC4niM
2927,0.35,592,90.4,https://magiceden.io/item-details/4wJYj9VK18mHNFGtPYyJhFmRSVjmtWcQh2g9xH1XDYbZ
2931,69,543,0,https://magiceden.io/item-details/H4GYAY95pG22yzUiqdsdDkq1goxkLKuUp77baev2jCjU
2935,0.75,3222,54.86,https://magiceden.io/item-details/EspocckKKeJDu4bP1zGa8qH5BiChqKS1zetHMU7souaL
2939,0.2,1926,75.9,https://magiceden.io/item-details/6j4nAAQuhFRBgtyKqVERAbR1y825U97WXCauaJVtR5it
2947,0.32,2483,68.02,https://magiceden.io/item-details/9GNUm3n9Hnw1CFTaYaz1p3Zz9iQYC2eBFHpcKBFKG3uo
2950,0.2,456,93.53,https://magiceden.io/item-details/9reYhvjCfnAbwuA1cGc4EUfiZscU5p4FbwZJ4nFMgQwW
2951,0.39,2151,71.3,https://magiceden.io/item-details/B5Pbj4oGyjXjwfUvV9UrikCnHAmR3YkFMf2nXPZN7SEP
2958,1,2033,66.62,https://magiceden.io/item-details/AjiVN9JQyFaGnuTQJCtH6eZBft4yYgNdCnVPgz2bV63v
2960,0.2,2052,74.39,https://magiceden.io/item-details/7McKRWKbo6g2WYC5zdKdsCzg3o1qsox2SnNdMAvm1Tqt
2975,0.3,1244,83.08,https://magiceden.io/item-details/F3daZSgYxKKnr8zTQ7FQUNM5zCMSFvkb6gYvz43j99Zo
2990,0.22,1491,80.92,https://magiceden.io/item-details/GBrGq634UkmadyB2jc16cHWSZrMEnZnvhEg3ExoBUwxw
2998,0.38,1634,77.6,https://magiceden.io/item-details/GHXaXJwZKfVfN34itFzL7mpgbok2R6uuRgqbZdTD2QW6
3002,0.5,3262,56.88,https://magiceden.io/item-details/APJtWPL3wpwjYj1YN1XxYaxYqZndHVksVmRB2SQT4QHd
3008,3000,1073,0,https://magiceden.io/item-details/6whJGRuB39NNWcXXLp8MBnkvKq8guXoFHhCNQsitaZ38
3010,0.8,1328,77.07,https://magiceden.io/item-details/E3UTt2cUntte8Y7ZyeQQxKauFTCf28cMZDHecG3QmzeY
3014,1,261,87.87,https://magiceden.io/item-details/4X9Lkt7Eu7yKAYR8TCGiuYzzsZaeTngemJp3pvmvoLF6
3017,0.3,760,88.88,https://magiceden.io/item-details/AuMffnWYAU6Qrdsq2JLfQGRTdfuqRaqYrR7cR8AZS7Sp
3020,0.35,247,94.54,https://magiceden.io/item-details/93AJGbTpy7KxwyXfYVjsS6yXHZEoUAB4f6VzRSDvcqif
3027,1,1680,70.85,https://magiceden.io/item-details/6RpRx5MSFKRNruPqjKxgu8y9RkiVf46hEYdjVfGiHkCh
3029,0.75,2499,63.53,https://magiceden.io/item-details/2zZdUbqmNfcDA6z2pAaN3uhfkJzdFCSX1FHTKkQhfohc
3030,0.5,1141,82.31,https://magiceden.io/item-details/EGrbZdDfcsg19La4xtVyvTfnwXpTRpGyAzBt6EFGWqmK
3035,3,1587,51.97,https://magiceden.io/item-details/3jHcAPMLaM9hMWWHE8xcVufUX4mGTM1jmm5uweaiD1Yz
3038,1,308,87.31,https://magiceden.io/item-details/ER4k3Hii1nzRt2B4213kRSXqWRGRBXfjwneEaQcDnh75
3045,0.2,2711,66.48,https://magiceden.io/item-details/HxnCXAgozaNbFwcujQxNcwUvnFmdtyadyncFtqpy3ges
3047,1.9,1091,68.91,https://magiceden.io/item-details/2CNXTZxSX4GiC1vMJ6JCGp3c3nmaiBx2E3bjqZLez6wT
3054,377,3128,0,https://magiceden.io/item-details/9pYdunkw9v6CwczACeKmpr5jmohL3AthUqmhhrpmPAz4
3056,0.42,202,94.38,https://magiceden.io/item-details/3R6AgZvgr9w5Kmw6RAPvrZhsCH5Ji8DiRJsAJ5TuQMwY
3061,0.36,174,95.31,https://magiceden.io/item-details/3oEA5eD6PaVeWWXduzFo57zRsDhcNUZP6kEm1EzAp8Uo
3068,0.79,285,89.68,https://magiceden.io/item-details/9gztvr2DyMznUvbuZ4enEsL1rys7Uhfz8xZ51bYguX64
3069,0.107,1512,81.8,https://magiceden.io/item-details/J3Qv8QXaWwLsTf5EnuP2oJrnhD58sEus5dueAQgrGdKN
3078,1,3115,53.64,https://magiceden.io/item-details/E2ZLhjKYNcqzBbnBFEZpnexj38oCLrqSpFuACSwRd21g
3081,0.59,257,92.02,https://magiceden.io/item-details/3mT95XHdYCTBiS1SQdpn11Fex6QUfn1du2C1Z4zBmFRo
3082,0.106,2098,74.78,https://magiceden.io/item-details/Fpz7cZnwpGy6RZTQns6dHf4xjrWMxP1UWXBUXk3BHoCt
3083,0.19,2865,64.74,https://magiceden.io/item-details/AxXAseCZ1HqZtmnQJsgoZDM4GZeJXFe3j17GdbGnyhZd
3093,0.2,2962,63.47,https://magiceden.io/item-details/CPow4R2j1aKwGScxczUJDbgUz2ZYMme8sW3aTXwGcm4X
3094,1.15,138,87.84,https://magiceden.io/item-details/2eo1aGHMJuWEvR5TdBGPZAVCxyryBqiC514PcCQvpwUT
3109,0.25,782,89.12,https://magiceden.io/item-details/8MsJPrEqma7Mh2Rp2cSKtTjg6om1bBxYxnD7t4GBau2u
3110,0.8,118,91.58,https://magiceden.io/item-details/8H91ox3yYR9Xk9DopD4CNpjkskV3f9tTqDwQcNxvzKdz
3116,0.4,1109,83.7,https://magiceden.io/item-details/31UPHEQJDtdoetTGRjwsL4QqgEhsvVBWpDFwyMnPDQ1B
3117,71,464,0,https://magiceden.io/item-details/6tmZbHycZgFYMxRxajCFXkVWoBAGnR568MYkuYbSyp9W
3124,0.106,2813,66.2,https://magiceden.io/item-details/FoCkcfLsMXibsmGb7Uv2DEREwnt2yTH6e7Zw3Rqyru4k
3125,1.5,122,84.54,https://magiceden.io/item-details/5uuY2H4Wg7uzvbQpfYrpva8Ef2wapiTJMdmbS95UTyRS
3127,0.105,1456,82.49,https://magiceden.io/item-details/4yEZs7w1yLyeYy8Sdcaccvb4Gaf9mY8cCXQ22FNwjfR8
3130,0.5,743,87.09,https://magiceden.io/item-details/5NX56f5NqskUwHE9c6NRbtF1FXajHQBvMaUwEiN8kAcd
3135,0.19,2504,69.07,https://magiceden.io/item-details/A2qp91TKrpQTsDSxzt53R7uydACeDDr4ajCPiQcphtQA
3141,0.25,703,90.07,https://magiceden.io/item-details/HqGxTTx43xLKQBhmoKeq8p1cYvJ6hcsJa1atNnmsmZuZ
3150,0.1,1703,79.57,https://magiceden.io/item-details/1SHCfRqsiAR24ytHYMM22FdVTd6wjQR8PBKKRRyV2Dg
3153,1.88,1797,60.65,https://magiceden.io/item-details/7WiTHt9vTSivfwrmc6FmLVxUjWVSJ7Fkin4psf2WxKsr
3159,0.37,223,94.63,https://magiceden.io/item-details/8ndhQ5Fd5N43hpRuV1sGYpBach2sTSDSm4ojCDhFLi4W
3179,3.3,41,67.51,https://magiceden.io/item-details/G52QoWSab7VEZ2QBiJx2pp9SjQdewYF3B5NZ4mmTmN3u
3183,0.23,3070,61.88,https://magiceden.io/item-details/2HgQPB472YxLp9CBKYcPaESEDDoWpdAxX8QSeMKMKCpf
3185,0.1,1762,78.87,https://magiceden.io/item-details/H6BzaaUujiZFKaZoimi1xz7bvZDSVsdNwyrr352Kd42X
3192,0.42,1684,76.6,https://magiceden.io/item-details/BMsSKmgFarQvnuwh2FKCYkbeDmWj3S3NYhCtoEcCiBdT
3193,0.69,693,85.79,https://magiceden.io/item-details/4g9T9gQE9MWrSXJ7Vam1J8ZKfaXDja6UnpuYZgxgpxAB
3200,3.8,403,58.17,https://magiceden.io/item-details/7XapbJ5zJmB2CaESXsPjXCuUXHs6KAb1VAijDBaxYJ3M
3207,0.1999,1858,76.72,https://magiceden.io/item-details/3HA4gKbsQ6v8CTjmBzVothzRbpYZaSUEX8mrVhwrrRbw
3229,0.1,2891,65.33,https://magiceden.io/item-details/45rpVeUhSL7epeTTzDWA5T6Ko6i4VGTsFz53xEW2zriZ
3240,840,2243,0,https://magiceden.io/item-details/EGfKD5jkpMLCypEgcdgDW8DoXgUKtQt6GhN36MmtQQrN
3241,0.399,1279,81.67,https://magiceden.io/item-details/4H2vYuc63EQJjz8wTtv3uuETkooDGjaaSMtc8Pc6HXpv
3255,0.22,1096,85.65,https://magiceden.io/item-details/5KvV5mjPgHxNDsixQKV7jA9mmKCBA6p68W4KjmC73cpB
